run_id,timestamp_utc,oare_id,status,reason,expected_clue_rows,produced_pairs,accepted_first_pass_pairs,rejected_not_substring,rejected_duplicate,rejected_order,rejected_overlap,second_pass_added_pairs,second_pass_error,leftover_source_text,leftover_target_text
20260323T164329Z,2026-03-23T16:43:59.570596+00:00,004a7dbd-57ce-46f8-9691-409be61c676e,llm_error,Model response was not valid JSON,4,0,,,,,,,,,
20260323T164419Z,2026-03-23T16:44:37.968008+00:00,004a7dbd-57ce-46f8-9691-409be61c676e,completed,ok,4,3,3.0,1.0,0.0,0.0,0.0,0.0,,,
20260323T164546Z,2026-03-23T16:46:16.165186+00:00,009fb838-8038-42bc-ad34-5f795b3840ee,llm_error,Model response was not valid JSON,3,0,,,,,,,,,
20260323T164546Z,2026-03-23T16:46:44.908078+00:00,0126cd13-acf7-4cd5-8373-f1e7b54d824e,llm_error,Model response was not valid JSON,7,0,,,,,,,,,
20260323T164546Z,2026-03-23T16:46:51.826245+00:00,01cc1406-fc42-4252-aeae-6b4538b069c5,completed,ok,2,0,0.0,2.0,0.0,0.0,0.0,0.0,,,
20260323T164546Z,2026-03-23T16:47:19.828418+00:00,020aa8bd-69a4-43a9-8120-efd9e587bb1c,completed,ok,1,0,0.0,0.0,0.0,0.0,0.0,0.0,,i-ku-pí-a ù en-um-a-šur iṣ-bu-tù-ni-a-tí-ma um-ma i-ku-pì-a-ma a-na en-um-a-šur-ma 5 GÚ URUDU ma-sí-am ša-bu-ra-am ḫu-ub-lam-ma PUZUR₄-{d}UTU li-pu-ul-kà 5 GÚ URUDU ma-sí-am ša-bu-ra-am en-um-a-šur a-na i-ku-pí-a iḫ-bu-ul-ma PUZUR₄-{d}UTU en-um-a-šur e-pu-ul um-ma PUZUR₄-{d}UTU-ma a-na 15 u₄-me-e 5 GÚ URUDU-a-kà a-na-ku a-ša-qá-lá-ku-um um-ma en-um-a-šur-ma šu-ma-ba i-na 15 u₄-me-e u₄-mu-ú mì-ma e-ta-at-qú um-ma i-ku-pí-a-ma 5 GÚ URUDU-a-kà ma-sí-am ša-bu-ra-am PUZUR₄-{d}UTU li-iš-qú-lá-kum a-na ṣí-ib-tim ma-lá u₄-mu e-tí-qú-ni-ni i-a-tí URUDU a-nim a-na 4 u₄-me DINGIR i-ša-ḫi-iṭ-ma ḫa-muš-tum ša {d}IM-ṣú-lu-li <gap> ITU.KAM ku-zal-li li-mu-um ṣí-lu-lu um-ma i-ku-pí-a-ma a-na en-um-a-šur-ma i-nu-mì a-na pu-ru-uš-ḫa-dim té-ra-ba-ni ù a-ta ša KÙ.BABBAR 1 ma-na ù 2 ma-na a-na-aḫ-ta-kà ta-lá-qé-ma ù a-na-ku lá-ag-mì-il₅-kà a-na a-wa-tim a-ni-a-tim kà-ru-um wa-aḫ-šu-ša-na i-dí-ni-a-tí-ma IGI GÍR ša a-šu,"Ikūn-pīya and Ennam-Aššur seized us, and Ikūn-pīya said to Ennam-Aššur: Lend me 5 talents of washed, broken copper, and have Puzur-Šamaš reimburse you."" Ennam-Aššur lent 5 talents of washed, broken copper to Ikūn-pīya and Puzur-Šamaš should reimburse Ennam-Aššur. Puzur-Šamaš said: ""Within 15 days I shall personally pay you your 5 talents of copper."" Ennam-Aššur answered: ""What then if indeed on the 15th day your terms become exceeded at all?"" Ikūn-pīya answered: ""Let Puzur-Šamaš pay you your 5 talents of washed, broken copper. As for the interest, as much as the term is exceeded this copper is my obligation."" In 4 days the god will rise and it is the week of Adad-ṣulūlī <gap> month Kuzallu, eponymy Ṣilūlu. Ikūn-pīya continued saying to Ennam-Aššur: ""When you arrive at Purušhaddum, then you will personally receive your earnings from 1 or 2 minas of silver, and thus I shall do you a favour myself."" The Wahšušana colony gave us for these proceedings and we gave our testimony before Aššur's dagger. Witnessed by Aššur-idī, by Elāli; Puzur-ilī son of Balzuenum was our (absent) partner. """
20260323T164546Z,2026-03-23T16:47:22.518794+00:00,02f0ecc7-746b-449d-803c-c05ebbda2336,completed,ok,1,0,0.0,1.0,0.0,0.0,0.0,0.0,,,
20260323T164546Z,2026-03-23T16:47:40.625105+00:00,03826c8c-3727-4caf-b781-1cc5f6ab56e6,completed,ok,2,1,1.0,1.0,0.0,0.0,0.0,0.0,,,
20260323T164546Z,2026-03-23T16:47:48.548533+00:00,03afa072-8f71-4403-b303-086f6097db3f,completed,ok,6,7,7.0,0.0,0.0,0.0,0.0,0.0,,,
20260323T164546Z,2026-03-23T16:48:17.276459+00:00,041c9029-8f6f-40f8-989b-77a75878221c,llm_error,Model response was not valid JSON,1,0,,,,,,,,,
20260323T164546Z,2026-03-23T16:48:42.896868+00:00,0480d321-8019-4775-bb29-5ac41b659c02,completed,ok,7,2,2.0,4.0,0.0,0.0,0.0,0.0,,,
20260323T164546Z,2026-03-23T16:49:06.306305+00:00,05083743-603f-48b5-a6c7-f089ed845d94,completed,ok,8,0,0.0,0.0,0.0,0.0,0.0,0.0,,a-na a-ta-ta ù kà-nu-tim qí-bi₄-ma um-ma a-na-aḫ-ì-lí-ma 0.5 ma-na KÙ.KI ù 1.5 ma-na KÙ.BABBAR ša kà-nu-tim ša il₅-ba-ni ki-ma kà-nu-tim KÙ.BABBAR ip-qí-da-ni a-na-kam a-lá-bu-um ú-ni-ḫi-ma KÙ.BABBAR 1 ma-na ú-ša-ag-me-er a-na a-lim{ki} im-ta-ša-ra-ni-ma i-na dí-in a-lim{ki} KÙ.BABBAR ú KÙ.KI a-lá-bu-um i-lá-qé-ma a-na a-wa-at kà-nu-tim lá-bu-um i-za-az šu-ma kà-nu-tum a-na a-na-aḫ-ì-lí ta-tù-wa-ar a-lá-bu-um ú-ša-ḫa-sú-ú KÙ.BABBAR ú KÙ.KI šu-ut a-na É a-lim{ki} a-na ḫu-bu-ul ili₅-ba-ni i-ší-qí-il₅ a-ma-kam a-le té-er-tí ili₅-ba-ni i-ba-ší-ú ša 0.5 ma-na KÙ.KI pá-ša-lamₓ ù 1.5 ma-na KÙ.BABBAR ú ší-a-ma-tí-šu ṣa-áb-ta-ma mì-ṣí-a-ma li-qí-a ṭup-pá-am ša a-lim{ki} da-nam ša ki-ma KÙ.KI ú KÙ.BABBAR ša kà-nu-tí-ni ú-kà-al ú šu-ma ku-li-a i-lá-kam-ma a-wa-tim ú-ga-mar a-dí a-lá-kà-ni i-ta-ba-lá-šu a-wa-tim lá tù-ga-ma-ra,"Say to Atata and Kannutum, thus Anah-ili: ""(As for the) 0.5 mina of gold and 1.5 mina of silver, belonging to Kannutum, which silver Ili-bani, representing Kannutum, entrusted to me - here Ali-abum has caused me trouble and caused expenses of 1 mina of silver. He has now dragged me before the City and by verdict of the City Ali-abum will take that silver and gold and Ali-abum will be responsible for Kannutum's interests. Should Kannutum come back on Anah-ili, then Ali-abum will clear him. The aforementioned silver and gold have been paid to the City Office for (to cover) Ili-bani's debts. Over there, wherever goods ordered by Ili-bani are available, seize for a value of 0.5 mina of pa-sallum gold and 1.5 mina of silver or what has been bought for it and take it at your own responsibility. I have a strong tablet of the City stating that the silver and gold belong to Kannutum. And if Kuliya comes in order to settle the affair, hold him in play until I arrive, do not settle the affair!"""
20260323T164546Z,2026-03-23T16:49:07.936115+00:00,06ec260a-bcc5-4762-b2ee-dfbc10cfbfbe,completed,ok,1,1,1.0,0.0,0.0,0.0,0.0,0.0,,,
20260323T164546Z,2026-03-23T16:49:36.632754+00:00,091abe17-bf55-4912-b402-15442365622a,llm_error,Model response was not valid JSON,1,0,,,,,,,,,
20260323T164546Z,2026-03-23T16:50:05.663728+00:00,099eb63c-4a3c-4bca-baf4-705a46083a49,llm_error,Model response was not valid JSON,11,0,,,,,,,,,
20260323T164546Z,2026-03-23T16:50:11.740326+00:00,0ac28a97-2e12-418e-89e7-87b30b6724f9,completed,ok,13,0,0.0,13.0,0.0,0.0,0.0,0.0,,,
20260323T164546Z,2026-03-23T16:50:16.518979+00:00,0afc88d2-258e-4d6a-8c02-25b605573093,completed,ok,2,2,2.0,0.0,0.0,0.0,0.0,0.0,,,
20260323T164546Z,2026-03-23T16:50:21.213608+00:00,0e330375-456e-4955-a1a5-083183efa458,completed,ok,1,2,2.0,0.0,0.0,0.0,0.0,0.0,,,
20260323T164546Z,2026-03-23T16:50:50.229087+00:00,11672d83-b960-4dad-8399-05c077aead07,llm_error,Model response was not valid JSON,11,0,,,,,,,,,
20260323T164546Z,2026-03-23T16:51:02.338721+00:00,1252b18d-4b89-4af9-b6b9-199b40c13848,completed,ok,1,3,1.0,0.0,0.0,0.0,0.0,2.0,,um-ma SIG₅-pí-i-a-šur-ma i-na {d}UTU-ši e-lá-lí e-ra-ba-ni lá i-be-at a-na ma-lá na-áš-pè-er-tí-a tí-ir-tám dí-šu-ma ṭur₄-da-šu ú-ma-am iš-tí-in e is-ḫu-ur e-zi-bu-<gap> tù-uš-me-ta-ni ku-ša-ra e-tí-qá-ma e pá-zu-ur a-dí <gap>-pu-ra-am <gap> ku-nam ú-nu-tám i-na-ṣú-ru,The day Elāli arrives he must not stay. Give him orders in accordance with my missive and send him. He must not delay a single day. My partners have abandoned me(?); you have caused my death. We have written to Kuššara. The overseer will travel here and we shall go in a convoy. Do not detain Elāli. I am alone. Elāli should travel in secret. Until I am alone. I have no one to guard the goods.
20260323T164546Z,2026-03-23T16:51:31.814474+00:00,132bb95c-07f6-4ef2-a8ff-ee8a54fbc1d5,llm_error,Model response was not valid JSON,1,0,,,,,,,,,
20260323T164546Z,2026-03-23T16:52:00.588506+00:00,14b6f3ac-433a-4c1e-a029-cbb28750364b,llm_error,Model response was not valid JSON,1,0,,,,,,,,,
20260323T164546Z,2026-03-23T16:52:18.490928+00:00,154bfa3c-bd94-439c-b139-06e6d0a027af,completed,ok,3,2,2.0,1.0,0.0,0.0,0.0,0.0,,,
20260323T164546Z,2026-03-23T16:52:47.251553+00:00,15a85aae-a70f-43ca-8af1-f8cd24aaae60,llm_error,Model response was not valid JSON,2,0,,,,,,,,,
20260323T164546Z,2026-03-23T16:53:15.949215+00:00,168d7873-608c-4ba9-9087-5f4945fdc7d7,llm_error,Model response was not valid JSON,1,0,,,,,,,,,
20260323T164546Z,2026-03-23T16:53:44.917610+00:00,16cef975-beef-47dc-972d-e7364c3701b5,llm_error,Model response was not valid JSON,9,0,,,,,,,,,
20260323T164546Z,2026-03-23T16:54:10.086780+00:00,17eabcc2-84f1-4fb0-b151-af6331cb4d17,completed,ok,3,3,3.0,0.0,0.0,0.0,0.0,0.0,,,
20260323T164546Z,2026-03-23T16:54:30.488582+00:00,1c4c71a9-8eb1-4f48-a035-9705450b8968,completed,ok,5,0,0.0,0.0,0.0,0.0,0.0,0.0,,a-na a-šur-DU₁₀ qí-bí-ma um-ma ku-li-a-ma a-na ma-lá té-er-tí-kà a-wa-tám ša a-na-aḫ-ì-lí DUMU DU₁₀-ṣí-lá-a-šur a-na-ku a-šur-ma-lik DUMU ku-ra-ra ù šu-bé-lum DUMU pu-qí-dí a-na 1 ma-na KÙ.BABBAR a-wa-sú ni-ig-mur-ma 1 ma-na KÙ.BABBAR a-šu-mì a-na-aḫ-ì-lí a-na-ku a-pu-ul ṭup-pá-am ša ku-nu-ki-kà ša a-na 1.3333 ma-na KÙ.BABBAR a-na a-na-aḫ-ì-lí ša ṭup-pì-šu lá ta-tù-ru-ú-ni ta-dí-nam šu-ma ṭup-pá-am ša ku-nu-ki-kà a-na-aḫ-ì-lí lá im-ta-aḫ-ra-ni 1 ma-na KÙ.BABBAR a-na a-lim{ki} a-na a-bu-ša-lim a-bi-kà ú-šé-ba-al-ma i-na SAG KÙ.BABBAR ṭup-pá-am ša ku-nu-ki-šu a-bu-ša-lim a-na ša ki-ma i-a-tí ú ša ki-ma a-na-aḫ-ì-lí ša a-na 1.3333 ma-na KÙ.BABBAR ša ṭup-pì-šu ḫa-ar-mì-im a-na a-na-aḫ-ì-lí lá i-tù-ru-ú i-da-an-ma ú ṭup-pá-am ša ku-nu-ki-kà ú-ta-ra-kum-ma ú na-áš-pè-er-tí a-ni tum i-mu-a-at,"To Aššur-ṭāb, thus says Kuliya: In accordance with your instruction we, I myself, Aššur-mālik, son of Kurara, and Šu-Bēlum, son of Puqidi, have settled the affair of Anah-ilī, son of Ṭāb-ṣilli-Aššur, for 1 mina of silver and I myself guaranteed 1 mina of silver in Anah-ilī's name. You gave me a tablet with your seal stating that you would not come back on Anah-ilī for the 1.3333 mina of silver of his debt-note. Should Anah-ilī not recieve from me the tablet with your seal, then I will send to the City, to your father Abu-šalim, 1 mina of silver and as soon as he recieves that silver Abu-šalim will give to my and Anah-ilī's reprisentatives a tablet with his seal stating that he will not come back on Anah-ilī for the 1.3333 mina of silver recorded in his validated tablet. And then I will give you back the tablet with your seal and this letter will be cancelled."
20260323T164546Z,2026-03-23T16:54:36.585885+00:00,1eacdd31-34bc-467a-8f21-3f23fffce832,completed,ok,2,2,2.0,0.0,0.0,0.0,0.0,0.0,,,<gap>
20260323T164546Z,2026-03-23T16:55:03.997198+00:00,1f969304-1971-4333-85cc-39a89ef6a900,completed,ok,3,0,0.0,4.0,0.0,0.0,0.0,0.0,,,
20260323T164546Z,2026-03-23T16:55:32.938401+00:00,26f6b7ad-6ef2-4fed-91ec-a35c348823d9,llm_error,Model response was not valid JSON,6,0,,,,,,,,,
20260323T164546Z,2026-03-23T16:55:48.795886+00:00,27241e71-4aa3-4a89-9235-991efc5022e6,completed,ok,3,3,3.0,0.0,0.0,0.0,0.0,0.0,,,
20260323T164546Z,2026-03-23T16:56:05.957420+00:00,27661f77-d98f-478c-a73e-3f0541ce75be,completed,ok,3,4,4.0,0.0,0.0,0.0,0.0,0.0,,,
20260323T164546Z,2026-03-23T16:56:35.284051+00:00,27cdbaba-9b9e-4832-945b-d13d3bf4e2ac,llm_error,Model response was not valid JSON,2,0,,,,,,,,,
20260323T164546Z,2026-03-23T16:56:42.578908+00:00,28983f24-730f-4093-9268-0cba1a8024db,completed,ok,2,1,1.0,0.0,0.0,0.0,0.0,0.0,,,
20260323T164546Z,2026-03-23T16:57:08.985070+00:00,2976162a-92d3-4197-9256-4c1118f1f517,completed,ok,6,3,3.0,3.0,0.0,0.0,0.0,0.0,,,
20260323T164546Z,2026-03-23T16:57:26.021043+00:00,29eb892b-4b02-479a-99e6-b0751948cdaf,completed,ok,1,3,3.0,0.0,0.0,0.0,0.0,0.0,,,
20260323T164546Z,2026-03-23T16:57:54.914855+00:00,2ab54625-1599-4175-ae15-6cdd90b0d960,llm_error,Model response was not valid JSON,9,0,,,,,,,,,
20260323T164546Z,2026-03-23T16:58:00.361558+00:00,2eb4b26f-06be-43ee-8452-e53aae5368a8,completed,ok,1,2,2.0,0.0,0.0,0.0,0.0,0.0,,,
20260323T164546Z,2026-03-23T16:58:34.889137+00:00,2ee64c13-a638-4006-af31-c4b6b39d077c,completed,ok,9,2,2.0,2.0,0.0,0.0,0.0,0.0,,<gap> 5 GÍN KÙ.BABBAR ṣa-ru-pu-um KI šu‑ma‑bi₄‑a iš‑tù a‑lim{ki} i‑na e‑lá‑i‑šu i‑ša‑qal šu‑ma lá iš‑qúl ki‑ma a‑wa‑at kà‑ri‑im ṣí‑ib‑tám ú‑ṣa‑ab ITU.KAM be‑el‑tí‑É.GAL‑lim li‑mu‑um ša qá‑tí DINGIR‑šu‑ra‑bi₄ IGI a‑ta‑dí‑a IGI a‑na‑lí <gap> ṣa‑ru‑pá‑am <gap> DUMU du‑dí‑ki <gap> i‑ṣé‑er PUZUR₄‑a‑šur i‑šu iš‑tù ḫa‑mu‑uš‑tim ša a‑šur‑ma‑lik ù {d}UTU‑ba‑ni a‑n,"<gap> mina of refined silver owed by <gap> son of Dudiki. Puzur-Aššur owes <gap>; they will pay within <gap> weeks reckoned from the week of Aššur-malik and Šamaš-bāni. If they have not paid, they will add interest at the rate <gap> per month per mina. Month Qarraʾātum, eponymy after <gap>"
20260323T164546Z,2026-03-23T16:58:41.581319+00:00,2f4a7da0-252a-44bc-86d5-72e5acaa232d,completed,ok,3,3,3.0,0.0,0.0,0.0,0.0,0.0,,,
20260323T164546Z,2026-03-23T16:58:52.095831+00:00,2fadf172-9737-4b63-ba21-6248bc896588,completed,ok,3,6,2.0,1.0,0.0,1.0,0.0,4.0,,šu-{d}EN.LÍL i-šu iš-tù ḫa-mu-uš-tim ša kà-ší-im <gap> a-na 13 ḫa-am-ša-tim i-ša-qal šu-ma i-na ma-la u₄-me-šu lá eš-qú-ul 1.5 GÍN.TA i-na ITU.KAM a-na 1 ma-na-im ú-ṣa-áb IGI PUZUR₄-a-šùr IGI a-šùr-i-mì-tí IGI šu-a-nim IGI a-šùr-be-el-a-wa-tim,"Witnessed by Puzur-Aššur, by Aššur-imitti, by Šu-Anum, by Aššur-bēl-awātim."
20260323T164546Z,2026-03-23T16:59:10.951013+00:00,2fae4254-c181-4378-a0a5-359c85c791a5,completed,ok,3,5,5.0,0.0,0.0,0.0,0.0,0.0,,,
20260323T164546Z,2026-03-23T16:59:40.354750+00:00,301df795-4d64-426b-9682-02a8c8531208,llm_error,Model response was not valid JSON,9,0,,,,,,,,,
20260323T164546Z,2026-03-23T17:00:08.920335+00:00,311470a1-7909-49cc-8a83-4f7ffea85386,llm_error,Model response was not valid JSON,3,0,,,,,,,,,
20260323T164546Z,2026-03-23T17:00:15.390911+00:00,31f0a2fb-00be-4f3a-b5f5-036afa8582f8,completed,ok,6,0,0.0,0.0,0.0,0.0,0.0,0.0,,<gap> ki-ma lu-qú-tim <gap> ANŠE ni-ma-ḫa-ar <gap> na-áš-pè-er-tí-ni a ṣé-er na-áb-sú-in i-ta-lá-ak a-ta a-ma-kam ṭé-em-kà lu ṣa-ab-ta-ku-um a-šu-mì a-wa-tim ša É sà-ba-sí-a a-dí 5 u₄-me-e KÙ.BABBAR ni-ša-qal-ma te-er-tí-ni za-ku-tum i-lá-kà-kum ú-ṣur-a-num 0.8333 ma-na 4 GÍN KÙ.BABBAR ša-qá-lam lá i-mu-a-ma e-mu-qé-en e-ta-wu-ma <gap>-bi-tám a-ḫi-ka <gap> li-ik-ma 6 <gap>,"Aššur-šamšī and Ennam-Suen seized us and Ennam-Suen said to Aššur-šamšī: Give me the silver that accrues to me"". Aššur-šamšī answered: ""I will / can not give you the silver, for I have <gap> you <gap> for <gap> "". Ennam-Suen said: ""Why is it me that you are<gap> me? Do it..."" ..."
20260323T164546Z,2026-03-23T17:00:42.169641+00:00,331e44ee-fb14-418b-b41c-55abefe272ce,completed,ok,4,1,1.0,3.0,0.0,0.0,0.0,0.0,,,
20260323T164546Z,2026-03-23T17:00:46.056864+00:00,3390188c-dad0-4b6d-8acd-e03ab75970de,completed,ok,1,1,1.0,0.0,0.0,0.0,0.0,0.0,,,
20260323T164546Z,2026-03-23T17:01:14.763675+00:00,33b90e73-c938-4e04-9297-7c505de1516c,llm_error,Model response was not valid JSON,10,0,,,,,,,,,
20260323T164546Z,2026-03-23T17:01:21.124398+00:00,34cf31fc-cc3f-4503-aeca-47f54800c6dc,completed,ok,2,2,2.0,0.0,0.0,0.0,0.0,0.0,,,
20260323T164546Z,2026-03-23T17:01:50.069931+00:00,358c6b57-f39e-4c7a-8100-db49678f4095,llm_error,Model response was not valid JSON,8,0,,,,,,,,,
20260323T164546Z,2026-03-23T17:01:53.545166+00:00,373f7d4f-f847-4f95-ae8d-329e944c85d3,completed,ok,2,2,2.0,0.0,0.0,0.0,0.0,0.0,,,
20260323T164546Z,2026-03-23T17:02:22.319745+00:00,37ea781c-687b-4e96-b8a5-c100ddc27f30,llm_error,Model response was not valid JSON,7,0,,,,,,,,,
20260323T164546Z,2026-03-23T17:02:54.042396+00:00,38aa816b-fec2-4c91-8994-1d05a2f2b28a,completed,ok,7,3,1.0,0.0,0.0,0.0,0.0,2.0,,um-ma šál-ma-a-šùr-ma i-a-tí a-na bu-ru-uš-ḫa-dim i-na ma-ak-sú-im a-na ḫu-bu-ul ÌR a-bu-ša-lim ša-qá-lim i-ra-de₈-ú-ni a-ta 30 TÚG ku-ta-ni ù ANŠE ṣa-lá-ma-am ša ÌR tal-qé um-ma šu-be-lúm-ma ke-na ša ÌR-dí-a a-bu-ša-lim al-qé ša-lim-a-šur ša ni-iš a-lim{ki} úz-na-tí-ni il₅-pu-ut um-ma šál-ma-a-šur-ma a-šar ÌR a-na wa-ar-dí-kà lá i-tù-ru ma-a a-na wa-ar-dí-a i-tù-ar um-ma šu-be-lúm-ma šu-ma a-na ku-a-im i-tù-ar a-na TÚG.ḪI.A ù ANŠE a-za-za-kum a-na a-wa-tim a-ni-a-tim kà-ru-um kà-né-eš i-dí-ni-a-tí-ma IGI GÍR ša a-šur ší-bu-tí-ni ni-dí-in IGI ú-ra-a IGI ì-lí-dan IGI ma-nu-um-ba-lúm-a-šur,"and Šalim-Aššur said: ""While they are going to lead me to Burušhaddum in fetters in order to pay the debt of the slave Abu-šalim, you on the other hand have taken 30 -textiles and a black donkey from the slave."" Šu-Bēlum answered: ""Yes, I have taken what belongs to my slave Abu-šalim."" Šalim-Aššur impressed on us what was sworn by the City, and Šalim-Aššur said: ""In case the slave does not raise claim against your slave, will he then raise claim against my slave?"" Šu-Bēlum answered: ""If he raises claim against yours, I shall guarantee for the textiles and the donkey."" The Kanesh colony gave us for these proceedings and we gave our testimony before Aššur's dagger. Witnessed by Uraya, by Ilī-dan, by Mannum-balum-Aššur."
20260323T164546Z,2026-03-23T17:03:23.166405+00:00,3a1e965b-3b71-452c-84a2-7416f7cdf986,llm_error,Model response was not valid JSON,4,0,,,,,,,,,
20260323T164546Z,2026-03-23T17:03:38.938838+00:00,3b1453f8-cdb4-42ea-88a4-c2946c386644,completed,ok,1,4,4.0,2.0,0.0,0.0,0.0,0.0,,,
20260323T164546Z,2026-03-23T17:04:08.218559+00:00,3bf9e7ec-79cd-4223-875c-2b751b8bb184,llm_error,Model response was not valid JSON,5,0,,,,,,,,,
20260323T164546Z,2026-03-23T17:04:10.069045+00:00,3d06c7da-995f-4579-9f3d-ae5d0e49d56c,completed,ok,1,1,1.0,0.0,0.0,0.0,0.0,0.0,,,
20260323T164546Z,2026-03-23T17:04:16.072487+00:00,3d3f904f-5ce0-46dd-815c-e36d32e67396,completed,ok,3,3,3.0,0.0,0.0,0.0,0.0,0.0,,,
20260323T164546Z,2026-03-23T17:04:29.600073+00:00,3df6ee30-93c0-4e3e-9381-7d43a8e0b2a7,completed,ok,2,2,2.0,1.0,0.0,0.0,0.0,0.0,,,
20260323T164546Z,2026-03-23T17:04:58.368494+00:00,3e87aad8-cd8c-4f8d-96e9-c68e062d4a1a,llm_error,Model response was not valid JSON,7,0,,,,,,,,,
20260323T164546Z,2026-03-23T17:05:27.742734+00:00,3edc936a-c851-4ea9-9d0c-35388bc61288,llm_error,Model response was not valid JSON,8,0,,,,,,,,,
20260323T164546Z,2026-03-23T17:05:56.791791+00:00,3ef93e68-b40a-4e5a-a839-aa7a710c23d8,llm_error,Model response was not valid JSON,10,0,,,,,,,,,
20260323T164546Z,2026-03-23T17:06:28.075455+00:00,3f236b48-7641-4a64-9bd9-93dbfa123487,completed,ok,1,1,1.0,0.0,0.0,0.0,0.0,0.0,,qí-bi-ma um-ma PUZUR₄-a-šur-ma 1 ma-na KÙ.BABBAR 5 ma-na URUDU 5 ma-na ni-ga-li ša 5 GÍN KÙ.BABBAR ṣí-pá-ra-tim ú a-ni-qí za-áp-ru-tim iš-tí a-li-ki-im pá-ni-im-ma a-na DUMU um-me-a-nim ke-nim dí-in-ma lu-ub-lu-nim a-šu-mì ḫa-ra-an sú-qí-nim áš-ta-na-me-ma a-wa-tum dan-na a-ḫi a-ta tí-ir-ta-kà li-li-kam-ma úz-ni pé-té-e 0.5 ma-na 2 GÍN KÙ.BABBAR ku-nu-ki-a i-na pu-ru-uš-ḫa-dim a-na en-na-nim DUMU a-bi-a e-zi-ib um-ma en-na-num-ma a-na a-ta-a <gap> na-ni a-dí-in-ma <gap> ki ú-šé-bi-lá-ku-um a-ta-a áš-al-ma um-ma a-na-ku-ma en-na-num KÙ.BABBAR ú-šé-bi₄-lá-kà KÙ.BABBAR dí-nam um-ma a-ta-a-ma a-šar KÙ.BABBAR en-na-num i-dí-na-ni šu-ú-ša-al-šu-um lá-áš-qú-lá-kum IGI 2 DUMU um-me-a-ni ú-ra-ki-sú en-na-nam ṣa-ba-at-ma KÙ.BABBAR ša-áš-qí-il₅-šu-ma a-na pá-ni-a šé-bi₄-lam šu-ma ta-da-gal-ma ḫa-ra-an sú-qí-nim lá wa-šu-ra-at-ma iš-tí ILLAT-tim-ma šé-bi-la-am tí-ib-nam ša 2 GÍN KÙ.BABBAR ša <gap> a pá-ni-a p,"Give to a trustworthy affiliated trader 1 mina of silver, 5 minas of copper, 5 minas of sickles, bronze pins worth 5 shekels of silver and -rings - with the first transport, so they may bring it. Concerning the Narrow Track I keep hearing that orders are strict. My dear brother, send word to inform me. I left 0.5 mina 2 shekels of silver under my seal for Ennānum son of Abiya in Purušhaddum. Ennānum said as follows: I gave <gap> to Ataya and he sent <gap> to you. I questioned Ataya, saying: ""Ennānum has sent you with silver. Give me the silver."" Ataya answered: ""In case Ennānum has given me any silver I shall pay you three times back."" I bound him over him with 2 affiliated traders as witnesses. Seize Ennānum and have him pay the silver and send it to me. If you observe that the Narrow Track is not opened up then send it with the caravan itself. Close up <gap> with straw worth 2 shekels of silver for me. My dear brother, I hear that they have not yet sent my maid. Take care so they bring her."
20260323T164546Z,2026-03-23T17:06:33.082003+00:00,4075988b-41c7-4df1-9483-ab0b55c375cd,completed,ok,2,2,2.0,0.0,0.0,0.0,0.0,0.0,,,
20260323T164546Z,2026-03-23T17:06:43.433103+00:00,41ea24e3-2d8d-46c0-9152-8e7ab40e4723,completed,ok,1,1,1.0,0.0,0.0,0.0,0.0,0.0,,ù a-lá-ḫi-im qí-bi₄-ma a-dí-i na-áš-pè-er-tí ša be-lúm-ba-ni ša té-zi-ba-ni iš-tí-in i-na ba-ri-ku-nu li-li-kam-ma KÙ.BABBAR-áp-ku-nu li-il₅-qé KÙ.BABBAR-áp-ku-nu lá i-ru-aq a-dí-i be-lúm-ba-ni a-na-kam lá na-ṭù-ma tí-ir-tí lá e-zi-ib a-na tí-ša-mu-ur-na lá e-tí-iq a-na SIG₅-pì-i-a-šùr qí-bi₄-ma wa-dí a-wa-tim ša ni-ta-ú-ni ta-am-tí-ší e-et-qám-ma e-et-qám-ma a-šar a-wa-tim i-lá-ku lu né-pu-uš,"Concerning the missive about Bēlum-bāni that you left me, one of you should come and receive your silver. Your silver should not disappear. Concerning Bēlum‑bāni it is not appropriate for me to leave instructions here; he will not go overland to Tišmurna. To Damiq-pī-Aššur: Apparently you have forgotten the matter we discussed. Do come here, come here, so we can do what the situation demands."
20260323T164546Z,2026-03-23T17:06:46.205528+00:00,4225c1e6-5516-4ac2-ae4d-de8d77f77788,completed,ok,2,1,1.0,1.0,0.0,0.0,0.0,0.0,,,
20260323T164546Z,2026-03-23T17:07:15.195463+00:00,42b314af-c18c-438e-9cce-feaddc0af869,llm_error,Model response was not valid JSON,1,0,,,,,,,,,
20260323T164546Z,2026-03-23T17:08:00.285040+00:00,42b7176d-4c2c-4f23-b857-217524676d4c,completed,ok,15,0,0.0,0.0,0.0,0.0,0.0,0.0,Model response was not valid JSON,a-na ì-lí-ba-ni ù ku-li-a qí-bi-ma um-ma a-šùr-e-nam-ma i-na ša-lá-tí-wa-ar 0.8333 ma-na KÙ.BABBAR ku-nu-ki-šu ku-li-a i-dí-nam-ma a-na wa-aḫ-šu-ša-na a-na ṣé-ri-kà ub-lam-ma um-ma a-na-ku-ma a-ma KÙ.BABBAR i-na ku-nu-ki ša ku-li-a áp-qí-da-ku-um KÙ.BABBAR ša a-šu-mì ku-li-a ša-du-a-tám kà-ra-am ta-pu-lu um-ma a-ta-ma ke-na a-pu-ul KÙ.BABBAR IGI a-šùr-lá-ma-sí DUMU a-šur-ma-lik ú šu-iš-ḫa-ra DUMU e-na-sú-in li-me-e ri-ik-sà-am áp-qí-da-kum mì-nam a-na É a-bi₄-a al-qé-ma a-ḫu-kà i-tù-ra-am i-na al tí-im-ni-e ta-am-ḫu-ri-ma IGI e-na-sú-in DUMU i-sú-rik₁₃ ù IGI ú-zu-a DUMU ku-ku-lá-nim ta-áš-e-li-ma um-ma a-ta-ma i-nu-mì KÙ.BABBAR ku-nu-ki ša a-ḫi-a tù-šé-bi₄-lá-ni ma-num li-mu-um um-ma a-na-ku-ma a-šùr-lá-ma-sí ú šu-iš-ḫa-ra li-mu-ú ù ma-aḫ-ri-šu-nu-ma KÙ.BABBAR áp-qí-da-kum ú-ṣur-ša-IŠTAR DUMU da-da-a i-na né-eḫ-ri-a aṣ-ba-at-ma 1 ma-na ší-a-ma-tí-šu a-na 4 ma-na KÙ.BABBAR i-tù-ur-šu-ma a-wa-atni,"To Ilī-bāni and Kuliya, say, this is what Aššur-ennam says: In Šalatiwar Kuliya gave me 0.8333 mina of silver under his seal. I brought it to Wahšušana to you and I said: Herewith I entrust to you the silver under the seals of Kuliya. It is the silver you promised to pay the as -tax on behalf of Kuliya."" You said: ""Yes, I promised it."" In the presence of Aššur-lamassī, son of Aššur-mālik and of Šu-Išhara, son of Ennam-Suen, the <gap>. I entrusted the packet to you. What did my paternal house that your brother came back on me? In Al-Timniyē you approached me and in the presence of Ennam-Suen, son of Issūrik, and of Uzua, son of Kukkulānum, you interrogated me, saying: ""When you had me bring the silver with my brother's seals, who was then ?"" I answered: ""Aššur-lamassī and Šu-Išhara were the, and it was in their presence that I entrusted you the silver."" I seized Uṣur-ša-Ištar, son of Dadaya, in Nehriya and merchandise of his worth 1 mina had become 4 minas of silver for him and so our affair was . I booked 1 mina of silver as due by him. <gap> silver Iddin-Aššur, son of Šu-Bēlum, promised me <gap>. He will send me the silver from what will (come in) from Mamma or from Tegra<ma>. <gap> and by witnesses <gap> which he promised <gap> due by Aššur-bāni, of <gap> which <gap> I myself gave him will be convered into <gap>"""
20260323T164546Z,2026-03-23T17:08:29.840288+00:00,42bf73e2-3abe-49ce-9950-2c4246131e52,llm_error,Model response was not valid JSON,16,0,,,,,,,,,
20260323T164546Z,2026-03-23T17:08:45.249569+00:00,4359bb9c-25a6-4c10-98df-e9166adea494,completed,ok,2,0,0.0,2.0,0.0,0.0,0.0,0.0,,,
20260323T164546Z,2026-03-23T17:09:13.918886+00:00,4633e49c-6469-4b90-a381-a9853f1c0b9f,llm_error,Model response was not valid JSON,5,0,,,,,,,,,
20260323T164546Z,2026-03-23T17:09:16.949894+00:00,46417fef-8c27-4092-a5a6-b3dec29c34f2,completed,ok,2,2,2.0,0.0,0.0,0.0,0.0,0.0,,,
20260323T164546Z,2026-03-23T17:09:46.384367+00:00,465b16eb-99f2-4abe-a9d3-164c9d0f2070,llm_error,Model response was not valid JSON,12,0,,,,,,,,,
20260323T164546Z,2026-03-23T17:10:15.196242+00:00,476e6eef-f0a4-44fd-b3f8-65e6337a9a51,llm_error,Model response was not valid JSON,8,0,,,,,,,,,
20260323T164546Z,2026-03-23T17:10:44.367610+00:00,4780f8e1-2abb-4ce1-9f17-a6b21ba8819c,llm_error,Model response was not valid JSON,7,0,,,,,,,,,
20260323T164546Z,2026-03-23T17:11:10.579546+00:00,4871d3be-b7b2-4953-8ef1-f227902488da,completed,ok,7,4,4.0,0.0,0.0,0.0,0.0,0.0,,,
20260323T171234Z,2026-03-23T17:12:44.238037+00:00,009fb838-8038-42bc-ad34-5f795b3840ee,completed,ok,3,3,3.0,0.0,0.0,0.0,0.0,0.0,,,
20260323T171234Z,2026-03-23T17:12:55.155474+00:00,0126cd13-acf7-4cd5-8373-f1e7b54d824e,llm_error,"Error code: 429 - {'error': {'message': 'Rate limit exceeded.', 'type': 'rate_limit_exceeded_error'}, 'message': 'Rate limit exceeded.', 'status_code': 429}",7,0,,,,,,,,,
20260323T171234Z,2026-03-23T17:13:02.822876+00:00,041c9029-8f6f-40f8-989b-77a75878221c,completed,ok,1,3,3.0,0.0,0.0,0.0,0.0,0.0,,,
20260323T172430Z,2026-03-23T17:24:37.036001+00:00,0126cd13-acf7-4cd5-8373-f1e7b54d824e,completed,ok,7,1,1.0,0.0,0.0,0.0,0.0,0.0,,"s rest of transliteration after ""a-na a-wa-tim né-ru-ub-ma""","resources after ""We entered Šalim-Aššur's house to settle the case,"""
20260323T172430Z,2026-03-23T17:25:06.210364+00:00,091abe17-bf55-4912-b402-15442365622a,llm_error,Model response was not valid JSON,1,0,,,,,,,,,
20260323T172430Z,2026-03-23T17:25:36.164377+00:00,099eb63c-4a3c-4bca-baf4-705a46083a49,llm_error,Model response was not valid JSON,11,0,,,,,,,,,
20260323T172430Z,2026-03-23T17:25:46.006546+00:00,11672d83-b960-4dad-8399-05c077aead07,completed,ok,11,0,0.0,0.0,0.0,0.0,0.0,0.0,,um-ma kà-ru-um kà-ni-iš-ma a-na ša-qí-il₅ da-tim ku-li-a ší-ip-ri-ni wa-bar-tim ša ku-bur-na-at ḫa-na-ak-na-ak ú tí-iš-mur-na TUR GAL qí-bi₄-ma i {d}UTU-ši ṭup-pì-ni ta-ša-me-a-ni GÍR ša a-šur IGI ku-li-a ší-ip-ri-ni šé-ṣí-a-ma ma-ma-an a-ma-kam KÙ.AN na-áš-ú lu a-na ší-mì-im a-na É.GAL-lim i-dí-nu lu a-dí-ni lá i-dí-in-ma na-ší 10-tim ša KÙ.AN ú ša-du-a-sú 1 ma-na-um 3 GÍN KÙ.BABBAR ša-ás-qí-lá-ma ku-li-a i pá-ni-šu-nu lu-ub-lam šu-ma i-qá-bi₄ um-ma šu-ut-ma KÙ.AN ša a-wi-lim ša NÍG.KA-sí 10-tim ú ša-du-a-sú le-qé-a-ma ša ba-ri-ni li-li-kam-ma GÍR ša a-šur li-it-ma-ma ša-du-a-sú nu-ta-ar ni-ša-me-ma 30 ANŠE tù-i-mu-um DUMU a-šùr{ki} ḫa-ra-an sú-qí-nim ú-šé-ri-ba-am lá tù-i-mu-um ma-ma-an ḫa-ra-an sú-ki-nim e-ma-re sé-er-dam ú-šé-ri-ba-ni-ma a-ma-kam uš-té-bu-lu-ni lu wa-ší-ib kà-ri-im ú-šé-li-am GÍR ša a-šur šé-ṣí-a-ma a-ḫu-um pá-ni a-ḫi-im ú-lá ú-ba-al 1 ma-na um 3 GÍN KÙ.BABBAR ša,"Thus Kaniš, say to the datu-payers, our messenger Kuliya, the plenary of Kuburnat hanaknak and Tišmurna: As soon as you hear our letter, produce the dagger of Assur in the presence of our messenger Kuliya and whoever over there carries meteoric iron, whether he has already sold it to a palace or has not yet sold it and still carries it, make him pay the tithe on the meteoric iron and his -tax of 3 shekels of silver per mina. Let Kuliya personally(!) bring it here. If one protests and declares: The meteoric iron belongs to a man with an account, still take the tithe and his -tax and let come here to swear an oath by Aššur's dagger then we will give his -tax back. We hear that an Assyrian, Tūʾimum, has brought in 30 donkeys by way of the -road. Not just Tūʾimum, but anybody who has brought in a loaded donkey by way of the -road in order to do buisness there, or if an inhabitant of a has brought up (goods) - produce the dagger of Aššur and people shall not spare eachother! Charge everyone his -tax at arate of 3 shekels of silver per mina, and make him pay the silver and let Kuliya personally(!) bring it here. If somebody protests, saying: I will go clear myself in Kanesh, (still) make him pay the silver and let him come here afterwards in order to clear accounts with us. Take care that our messanger Kuliya is not delayed. Make people pay the silver, don't allow them to make trouble there!"
20260323T172430Z,2026-03-23T17:26:16.763299+00:00,132bb95c-07f6-4ef2-a8ff-ee8a54fbc1d5,completed,ok,1,1,1.0,0.0,0.0,0.0,0.0,0.0,,SIG₅-pì-a-šur-ma <gap> ta-áš-pu-ra-am um-ma a-ta-ma 8 GÍN.TA AN.NA-kà ta-dí-in 1 TÚG a-bar-ni-am a-na 0.5 ma-na 0.3333 GÍN ta-dí-in a-na ša-nim 0.3333 ma-na 5 GÍN ú-kà-lu-ú KÙ.BABBAR 0.3333 ma-na 1 GÍN ší-im TÚG.ḪI.A 21 ma-na URUDU e-zi-ba-ku-nu-tí-ni KÙ.BABBAR ub-lá-ku-nu-tí-ni KÙ.BABBAR ḫa-bu-lá-ku-nu KÙ.BABBAR ṭup-pì šé-ṣí-a-ma ṭup-pá-am li-it-a-ma li-be ṭup-pì-a id-a a-ba-a e-ma-ru,"You wrote as follows: Your tin was sold at the rate 1:8. 1 Abarnian textile was sold for 0.5 mina 0.3333 shekel. For the second one they offer 0.3333 mina 5 shekels."" As to both the 0.3333 mina 1 shekel of silver, the price of a textile, the 21 minas of copper that I left with you, as well as the silver that Abaya brought to you, the silver that I owe to Ṭāb-ṣill-Aššur - pay the silver, take out my tablet, split the tablet and place it among my other tablets. Abaya and Mezitānum and the donkeys <gap>"
20260323T172430Z,2026-03-23T17:26:24.736263+00:00,14b6f3ac-433a-4c1e-a029-cbb28750364b,completed,ok,1,3,1.0,0.0,0.0,0.0,0.0,2.0,,um-ma MAN-a-šur-ma a-na KÙ.BABBAR ša a-na DAM.GÀR ḫa-bu-lá-ku-ni ḫa-ra-kà e ib-ší-ma DAM.GÀR ṣí-ib-tám i-na ṣé-ri-a e il₅-qé-ma i-na ṣé-er DAM.GÀR e ú-ri-i-qú-ni a-ḫi a-ta a-dí ša ḫa-ra-an sú-qí-nim tí-ir-ta-ak-kà a-na pá-ni-a li-li-kam-ma ki-ma ša-lu-um KÙ.BABBAR ša DAM.GÀR le-pu-uš 1 ma-na KÙ.BABBAR i-n a qé-er-bi₄-ma ša 5 GÍN KÙ.BABBAR sà-ḫe-er-tám a-na pá-ni a-na ḫa-ḫi-im šé-bi₄-lam mì-šu ša áš-ta-na-me-ú-ma am-tí a-dí-ni i-na wa-áš-ḫa-ni-a lu áš-ba-at-ni-ma a-ta ta-áš-ta-pu-ú a-lá a-ḫi-im ú lá a-wi-lim a-ta-áš-kà-an a-ḫi a-ta am-tí šu-pur-ma li-ir-dí-ú-nim a-na ḫa-ar-pé,"With the silver I owe to the merchant there must not be any caravan trip for you, so the merchant does not take interest on my account, and they must not alienate me from the merchant. My dear brother, send me word concerning the matter of the Narrow Track, so I can act to safeguard the merchant's silver. There is 1 mina of silver, but of that send me small goods worth 5 shekels of silver to hahhum. Why is it that I keep hearing that my maid is still staying in Wašhaniya and that you keep silent about it? I am treated like a non-brother and a non-gentleman. My dear brother, write about my maid so they lead her to me before harvest."
