oare_id,source_transliteration,target_translation_english,source_pdf,source_page,stage1_match_source,stage1_match_confidence,stage2_confidence,language_detected,llm_opinion,akkadian_from_page_text,evidence,notes,pair_index,input_key
19c65b92-4eb3-4ae2-a9e9-3e7651a68f0b,"In the case of many families, we can see that the father, sitting in Assur, ran the affairs of the firm—Assur-idi is an example, but other arrangements were possible.","In the case of many families, we can see that the father, sitting in Assur, ran the affairs of the firm—Assur-idi is an example, but other arrangements were possible.","(OCR) JCS 59, 2007, pp. 93-106 - Larsen, Mogens T. - Individual and Family in Old Assyrian Society.pdf",7,page_text_ref,0.82,0.82,en,"This page is useful for understanding the social structure of Old Assyrian society, but it may not be directly relevant to the tablet's content.",,"The page text contains a translation of the tablet's content, but it is not directly relevant to the tablet's content.","The page text is a translation of the tablet's content, but it is not directly relevant to the tablet's content.",0,"(OCR) JCS 59, 2007, pp. 93-106 - Larsen, Mogens T. - Individual and Family in Old Assyrian Society.pdf||7||19c65b92-4eb3-4ae2-a9e9-3e7651a68f0b"
b2c4d6aa-2639-45af-b7f4-f8a042a7e50e,"Gdllâbum'un Uşur-ii-htar'a, onun talimatı gereğince kumaşları seçtiklerini belirterek
başladığı mektubudur.","Gallabum wrote to Ušur-ii-hter, stating that they had chosen the fabrics according to his instructions.","AKT 2, 1995.pdf",82,page_text_ref,0.82,0.82,tr,"This page is partially useful for the tablet, but it contains a lot of extraneous information.",a-na ú-ṣur-ša-a-šur qí-bi-ma um-ma DINGIR-i-dí-ma,page_text_ref,"The page contains a translation of the tablet, but it is not entirely reliable due to the presence of extraneous information.",0,"AKT 2, 1995.pdf||82||b2c4d6aa-2639-45af-b7f4-f8a042a7e50e"
60ce4409-fca1-3cf6-443b-5be3f82fe6c5,"Gdllâbum'un Uşur-ii-htar'a, onun talimatı gereğince kumaşları seçtiklerini belirterek
başladığı mektubudur.","Gallabum's letter to Ušur-ii-hter, starting with the statement that they have chosen the fabrics according to his instructions.","AKT 2, 1995.pdf",82,page_text_ref,0.82,0.82,tr,"This page is partially useful for the tablet, but it's mostly a commentary and not a direct translation.",a-na a-šùr-i-dí qí-bi4-ma um-ma a-šùr-na-da-ma,page_text_ref,"The page contains a commentary on the tablet, but it's not a direct translation.",0,"AKT 2, 1995.pdf||82||60ce4409-fca1-3cf6-443b-5be3f82fe6c5"
0e506705-b38e-4481-accf-397b5f66489d,"Iküppia'nın Uyur-si-Îstar'a, onun kendine 10 mina gümüşü göndermesi isteğine karşı,","Iküppia wrote to Uyur-si-Îstar, saying that he sent 10 minas of silver to himself in response to her request.","AKT 2, 1995.pdf",87,page_text_ref,0.82,0.82,tr|en|other,"This page is partially useful for the tablet, but the translation is not entirely reliable.",a-na -şur-si-[Istar qi-bi-ma],"The page text contains a translation of the tablet, but it is not entirely reliable due to the presence of Turkish and other languages.","The page text is a translation of the tablet, but it is not entirely reliable due to the presence of Turkish and other languages.",0,"AKT 2, 1995.pdf||87||0e506705-b38e-4481-accf-397b5f66489d"
a46c7b98-338b-8597-e4e0-31412798bd13,"Uşur-sa-Istar'in vergiden kurtulmak için gizli olarak etirilen malları arasında kendi-ninkilerinin bulunmadığını belirterek, kumaşlarının er ek yerini söylemesi hususunda Hunnia ya ricada bulunmaktadır.","Ušur-sa-Istar says that her own goods are not among the goods that were secretly taken for tax purposes, and she asks Hunnia to tell her about the place of her own goods.","AKT 2, 1995.pdf",100,page_text_ref,0.82,0.82,tr|en,"This page is somewhat useful for the translation of the tablet, but it is not a direct translation. It provides some context and information about the tablet, but it is not a reliable source for the translation itself.",ina raménim | ni-ki-ils-Su-ma | nakälum,"The page text contains a translation of the tablet, but it is not a direct translation. It provides some context and information about the tablet, but it is not a reliable source for the translation itself.","The page text is in Turkish, but it also contains some English phrases. The translation provided is not a direct translation, but rather a summary of the content of the tablet.",0,"AKT 2, 1995.pdf||100||a46c7b98-338b-8597-e4e0-31412798bd13"
dc04a250-37cf-497b-909d-7896bbc1970d,sik gümüşü kadın kölenin adına verdik.,We gave to the female slave in silver.,"AKT 2, 1995.pdf",36,page_text_ref,0.82,0.82,tr,"This page is partially useful for translation, but it contains a lot of extraneous information.",şa'ûdum | şâdu II | şâdu B | isertum III | isaru,page_text_ref,"The page contains a translation of the tablet, but it is not a direct translation. It is a commentary on the tablet and its contents.",0,"AKT 2, 1995.pdf||36||dc04a250-37cf-497b-909d-7896bbc1970d"
dc04a250-37cf-497b-909d-7896bbc1970d,"16- ı91/2 mina 3 3/4 segel gümüş ya eritilme esnasın-
da ya da normâl/tabiî şartlardan dolayi azaldı.","16- 91/2 mina 3 3/4 shekel silver, either during the time of melting or due to the normal/ usual conditions it decreased.","AKT 2, 1995.pdf",36,page_text_ref,0.82,0.82,tr,"This page is partially useful for translation, but it contains a lot of extraneous information.",şa'ûdum | şâdu II | şâdu B | isertum III | isaru,page_text_ref,"The page contains a translation of the tablet, but it is not a direct translation. It is a commentary on the tablet and its contents.",1,"AKT 2, 1995.pdf||36||dc04a250-37cf-497b-909d-7896bbc1970d"
0600be70-a772-42b5-8a4c-13dfd9f1bce9,sik gümüşü kadın kölenin adına verdik.,We gave to the female slave in the name of silver.,"AKT 2, 1995.pdf",36,page_text_ref,0.82,0.82,tr,"This page is partially useful for translation purposes, but it contains a lot of extraneous information.",lu i-na i-ší-ra-tim | lu i-na ṣa-ú-dim | i-sé-ra-tim | şa'ûdum,"The page contains a translation of the tablet, but it is not a direct translation. The translation is in Turkish, and it is partially useful for translation purposes.","The page contains a lot of extraneous information, but it is still useful for translation purposes.",0,"AKT 2, 1995.pdf||36||0600be70-a772-42b5-8a4c-13dfd9f1bce9"
0600be70-a772-42b5-8a4c-13dfd9f1bce9,"16- ı91/2 mina 3 3/4 segel gümüş ya eritilme esnasın-
da ya da normâl/tabiî şartlardan dolayi azaldı.",16 - 91/2 mina 3 3/4 shekel silver either during the melting process or due to normal/ natural conditions it decreased.,"AKT 2, 1995.pdf",36,page_text_ref,0.82,0.82,tr,"This page is partially useful for translation purposes, but it contains a lot of extraneous information.",lu i-na i-ší-ra-tim | lu i-na ṣa-ú-dim | i-sé-ra-tim | şa'ûdum,"The page contains a translation of the tablet, but it is not a direct translation. The translation is in Turkish, and it is partially useful for translation purposes.","The page contains a lot of extraneous information, but it is still useful for translation purposes.",1,"AKT 2, 1995.pdf||36||0600be70-a772-42b5-8a4c-13dfd9f1bce9"
948bb1a8-849d-4802-aa93-6423f55fc2fe,"Kanii'te ortaya çikan, fakat orada hâlledilemediği anlaşılan bir dâvâda, Asur şehir mec-lisinin almiş olduğu karari kaydeden metne göre:","In a case that emerged in Kani, but was not resolved there, the decision of the Asur city council, as recorded in the text, is as follows:","AKT 2, 1995.pdf",57,page_text_ref,0.82,0.82,tr|en,This page is very useful for understanding the context of the tablet.,"Kt n/k 560;165-560-64;4,9 x 5, 9 x 1,9 cm.; kahverenkli tablet. | waklum kelimesinin mânâsına açıklık getiren","The page text contains a translation of the tablet, and the translation is mostly in Turkish, with some English phrases.","The page text also contains some Akkadian/transliteration-like sentence fragments, such as 'Kt n/k 560;165-560-64;4,9 x 5, 9 x 1,9 cm.; kahverenkli tablet.' and 'waklum kelimesinin mânâsına açıklık getiren'.",0,"AKT 2, 1995.pdf||57||948bb1a8-849d-4802-aa93-6423f55fc2fe"
948bb1a8-849d-4802-aa93-6423f55fc2fe,"Metnin kral tarafindan mühürlenen sureti, Tura-BêU tarafindan ""sana"" diye hitap edilen kimseye gön-deriliyor.","The text, sealed by the king, is being sent to someone addressed as 'to you' by Tura-BêU.","AKT 2, 1995.pdf",57,page_text_ref,0.82,0.82,tr|en,This page is very useful for understanding the context of the tablet.,"Kt n/k 560;165-560-64;4,9 x 5, 9 x 1,9 cm.; kahverenkli tablet. | waklum kelimesinin mânâsına açıklık getiren","The page text contains a translation of the tablet, and the translation is mostly in Turkish, with some English phrases.","The page text also contains some Akkadian/transliteration-like sentence fragments, such as 'Kt n/k 560;165-560-64;4,9 x 5, 9 x 1,9 cm.; kahverenkli tablet.' and 'waklum kelimesinin mânâsına açıklık getiren'.",1,"AKT 2, 1995.pdf||57||948bb1a8-849d-4802-aa93-6423f55fc2fe"
948bb1a8-849d-4802-aa93-6423f55fc2fe,Bu metnin sureti olan ve waklum kelimesinin mânâsına açıklık getiren n/k 1384 nolu vesikayı aşağıda notlar kisminda müzâkere edeceğiz.,"We will discuss the document n/k 1384, which is a copy of this text and clarifies the meaning of the word waklum, in the notes section below.","AKT 2, 1995.pdf",57,page_text_ref,0.82,0.82,tr|en,This page is very useful for understanding the context of the tablet.,"Kt n/k 560;165-560-64;4,9 x 5, 9 x 1,9 cm.; kahverenkli tablet. | waklum kelimesinin mânâsına açıklık getiren","The page text contains a translation of the tablet, and the translation is mostly in Turkish, with some English phrases.","The page text also contains some Akkadian/transliteration-like sentence fragments, such as 'Kt n/k 560;165-560-64;4,9 x 5, 9 x 1,9 cm.; kahverenkli tablet.' and 'waklum kelimesinin mânâsına açıklık getiren'.",2,"AKT 2, 1995.pdf||57||948bb1a8-849d-4802-aa93-6423f55fc2fe"
46a9506b-d3c2-2885-4df8-34de41247627,Wegzoll bis zur Stadt wird ebenfalls er zahlen.,Toll to the city will also be paid.,"AKT 3, 1995.pdf",58,page_text_ref,0.82,0.82,de|en,"This page is somewhat useful for the tablet, but the content is not directly related to the tablet's transliteration.",sÈ.2.MU | tup-pu-Ju-nu | li-i/5-a-am,page_text_ref,"The page contains a translation of the tablet, but it is not directly related to the tablet's transliteration.",0,"AKT 3, 1995.pdf||58||46a9506b-d3c2-2885-4df8-34de41247627"
46a9506b-d3c2-2885-4df8-34de41247627,Seine Hüllentafel be-findet sich hier.,His tablet is found here.,"AKT 3, 1995.pdf",58,page_text_ref,0.82,0.82,de|en,"This page is somewhat useful for the tablet, but the content is not directly related to the tablet's transliteration.",sÈ.2.MU | tup-pu-Ju-nu | li-i/5-a-am,page_text_ref,"The page contains a translation of the tablet, but it is not directly related to the tablet's transliteration.",1,"AKT 3, 1995.pdf||58||46a9506b-d3c2-2885-4df8-34de41247627"
46a9506b-d3c2-2885-4df8-34de41247627,"Packt ihn, daß er einen guten Diener herführen läßt!","Pack him, so that he brings a good servant!","AKT 3, 1995.pdf",58,page_text_ref,0.82,0.82,de|en,"This page is somewhat useful for the tablet, but the content is not directly related to the tablet's transliteration.",sÈ.2.MU | tup-pu-Ju-nu | li-i/5-a-am,page_text_ref,"The page contains a translation of the tablet, but it is not directly related to the tablet's transliteration.",2,"AKT 3, 1995.pdf||58||46a9506b-d3c2-2885-4df8-34de41247627"
a868a675-3e89-4e49-87af-91902ad27347,"Der gleiche Vorgang auch Nr. 88, 13ff.","The same process also No. 88, 13ff.","AKT 3, 1995.pdf",150,page_text_ref,0.82,0.82,de|en|other,"This page is partially useful for translation, but contains many notes and comments that are not directly related to the translation.",n u- du- a- e | tuppum Ğaitum | kà-al | saltum,page_text_ref,"This page contains a mix of translation and notes. The translation is mostly in German, but some sentences are in English. The notes are in German and provide additional information about the context and meaning of the translation.",0,"AKT 3, 1995.pdf||150||a868a675-3e89-4e49-87af-91902ad27347"
a868a675-3e89-4e49-87af-91902ad27347,Z. 10ff.),Z. 10ff.,"AKT 3, 1995.pdf",150,page_text_ref,0.82,0.82,de|en|other,"This page is partially useful for translation, but contains many notes and comments that are not directly related to the translation.",n u- du- a- e | tuppum Ğaitum | kà-al | saltum,page_text_ref,"This page contains a mix of translation and notes. The translation is mostly in German, but some sentences are in English. The notes are in German and provide additional information about the context and meaning of the translation.",1,"AKT 3, 1995.pdf||150||a868a675-3e89-4e49-87af-91902ad27347"
a868a675-3e89-4e49-87af-91902ad27347,"Vgl. schon Nr. 82, 20ff. mit Anm.","Vgl. schon No. 82, 20ff. with Anm.","AKT 3, 1995.pdf",150,page_text_ref,0.82,0.82,de|en|other,"This page is partially useful for translation, but contains many notes and comments that are not directly related to the translation.",n u- du- a- e | tuppum Ğaitum | kà-al | saltum,page_text_ref,"This page contains a mix of translation and notes. The translation is mostly in German, but some sentences are in English. The notes are in German and provide additional information about the context and meaning of the translation.",2,"AKT 3, 1995.pdf||150||a868a675-3e89-4e49-87af-91902ad27347"
a868a675-3e89-4e49-87af-91902ad27347,Nr. 88: Geschiiftsbrief,No. 88: Business letter,"AKT 3, 1995.pdf",150,page_text_ref,0.82,0.82,de|en|other,"This page is partially useful for translation, but contains many notes and comments that are not directly related to the translation.",n u- du- a- e | tuppum Ğaitum | kà-al | saltum,page_text_ref,"This page contains a mix of translation and notes. The translation is mostly in German, but some sentences are in English. The notes are in German and provide additional information about the context and meaning of the translation.",3,"AKT 3, 1995.pdf||150||a868a675-3e89-4e49-87af-91902ad27347"
a868a675-3e89-4e49-87af-91902ad27347,Fundnummer: kt v/k 24,Registration number: kt v/k 24,"AKT 3, 1995.pdf",150,page_text_ref,0.82,0.82,de|en|other,"This page is partially useful for translation, but contains many notes and comments that are not directly related to the translation.",n u- du- a- e | tuppum Ğaitum | kà-al | saltum,page_text_ref,"This page contains a mix of translation and notes. The translation is mostly in German, but some sentences are in English. The notes are in German and provide additional information about the context and meaning of the translation.",4,"AKT 3, 1995.pdf||150||a868a675-3e89-4e49-87af-91902ad27347"
a868a675-3e89-4e49-87af-91902ad27347,Brief von Ennum-Assur an Lälij a aus dem gleichen Konvolut wie Nr.,Letter from Ennum-Assur to Lälij a from the same collection as No.,"AKT 3, 1995.pdf",150,page_text_ref,0.82,0.82,de|en|other,"This page is partially useful for translation, but contains many notes and comments that are not directly related to the translation.",n u- du- a- e | tuppum Ğaitum | kà-al | saltum,page_text_ref,"This page contains a mix of translation and notes. The translation is mostly in German, but some sentences are in English. The notes are in German and provide additional information about the context and meaning of the translation.",5,"AKT 3, 1995.pdf||150||a868a675-3e89-4e49-87af-91902ad27347"
a868a675-3e89-4e49-87af-91902ad27347,Lälija erhält Anweisungen bezüglich einer Anzahl von Schuldurkunden;,Lälija receives instructions regarding a number of debt documents;,"AKT 3, 1995.pdf",150,page_text_ref,0.82,0.82,de|en|other,"This page is partially useful for translation, but contains many notes and comments that are not directly related to the translation.",n u- du- a- e | tuppum Ğaitum | kà-al | saltum,page_text_ref,"This page contains a mix of translation and notes. The translation is mostly in German, but some sentences are in English. The notes are in German and provide additional information about the context and meaning of the translation.",6,"AKT 3, 1995.pdf||150||a868a675-3e89-4e49-87af-91902ad27347"
a868a675-3e89-4e49-87af-91902ad27347,außerdem soll er das Silber für eine Sendung von 80 Stof-fen zahlen lassen.,"in addition, he should pay the silver for a shipment of 80 goods.","AKT 3, 1995.pdf",150,page_text_ref,0.82,0.82,de|en|other,"This page is partially useful for translation, but contains many notes and comments that are not directly related to the translation.",n u- du- a- e | tuppum Ğaitum | kà-al | saltum,page_text_ref,"This page contains a mix of translation and notes. The translation is mostly in German, but some sentences are in English. The notes are in German and provide additional information about the context and meaning of the translation.",7,"AKT 3, 1995.pdf||150||a868a675-3e89-4e49-87af-91902ad27347"
a868a675-3e89-4e49-87af-91902ad27347,"Der Schluß des Briefes enthält gute Ratschläge für ein vernünftiges Verhalten des Lälij a, insbesondere sich nicht dem Alkohol zu ergeben.","The conclusion of the letter contains good advice for Lälija's reasonable behavior, especially not to give in to alcohol.","AKT 3, 1995.pdf",150,page_text_ref,0.82,0.82,de|en|other,"This page is partially useful for translation, but contains many notes and comments that are not directly related to the translation.",n u- du- a- e | tuppum Ğaitum | kà-al | saltum,page_text_ref,"This page contains a mix of translation and notes. The translation is mostly in German, but some sentences are in English. The notes are in German and provide additional information about the context and meaning of the translation.",8,"AKT 3, 1995.pdf||150||a868a675-3e89-4e49-87af-91902ad27347"
31425728-1d77-4056-85d4-6f2256314961,1. S. um-ma su-ut-ma ma-sa-ku,1. S. umma sut-ma masaku,"AKT 3, 1995.pdf",164,page_text_ref,0.82,0.82,de|en,"This page is useful for understanding the context of the tablet, but the translation is not entirely reliable due to the presence of unclear or missing text.",a-ma-kam / ma-ld ik-[x z] | û u4-ma-am a-na [ | -t(-ki | i-za-zu / ka- ra-am / É.GAL am | û sâl-si-su / ni-ik-su-ud-ma | IGI kâ-ri-im nu-ba-i-su | o. K. 30 | û a-su-mi a-wa-tim | ia En-um-A-sûr DUMU S'u-kâ-li-a | 1. S. um-ma su-ut-ma ma-sa-ku,"The page contains a translation of the tablet, but it is not entirely reliable due to the presence of unclear or missing text.",The translation of the tablet is not entirely reliable due to the presence of unclear or missing text.,0,"AKT 3, 1995.pdf||164||31425728-1d77-4056-85d4-6f2256314961"
31425728-1d77-4056-85d4-6f2256314961,qd-tdm sa En-urn-A-sûr,qdtm sa En-urn-Assur,"AKT 3, 1995.pdf",164,page_text_ref,0.82,0.82,de|en,"This page is useful for understanding the context of the tablet, but the translation is not entirely reliable due to the presence of unclear or missing text.",a-ma-kam / ma-ld ik-[x z] | û u4-ma-am a-na [ | -t(-ki | i-za-zu / ka- ra-am / É.GAL am | û sâl-si-su / ni-ik-su-ud-ma | IGI kâ-ri-im nu-ba-i-su | o. K. 30 | û a-su-mi a-wa-tim | ia En-um-A-sûr DUMU S'u-kâ-li-a | 1. S. um-ma su-ut-ma ma-sa-ku,"The page contains a translation of the tablet, but it is not entirely reliable due to the presence of unclear or missing text.",The translation of the tablet is not entirely reliable due to the presence of unclear or missing text.,1,"AKT 3, 1995.pdf||164||31425728-1d77-4056-85d4-6f2256314961"
efe47ce9-d0fc-4c3a-a514-538b1abd0205,"constructed with a double acc. ""to load somebody with something"", so that only one object can be mentioned in each case.","constructed with a double accusative ""to load somebody with something"", so that only one object can be mentioned in each case.","AOATT, 1972.pdf",39,page_text_ref,0.82,0.82,en,"This page is somewhat useful for understanding the context of the tablet, but it does not provide a direct translation.",s-nu-tdm | ra-ki-is-ma | bi-ld-at | e--ma-ri | kà-i--in-ma | 1° | ma-la | e-ma-ru | i--na-si-s-ni | ù,page_text_ref,,0,"AOATT, 1972.pdf||39||efe47ce9-d0fc-4c3a-a514-538b1abd0205"
11c49ff4-77b9-4c8c-9393-f4b2edb3c144,"yiksü of gold and silver range in weight from a few shekels to nearly two minas (CCT 5, 41a, 19 and 41b, 8), and are always smaller than nq i§ü containing the same metals, which may weigh between 2-3 and 30 minas (GARELLI AC 226; LARSEN OACP 55 ad 9) .","yiksü of gold and silver range in weight from a few shekels to nearly two minas (CCT 5, 41a, 19 and 41b, 8), and are always smaller than nq i§ü containing the same metals, which may weigh between 2-3 and 30 minas (GARELLI AC 226; LARSEN OACP 55 ad 9) .","AOATT, 1972.pdf",63,page_text_ref,0.82,0.82,en,This page is very useful for understanding the concept of yiksü and its relation to other metal weights.,yiksü | nq i§ü | néj5isü | §uglum | néßi§um,page_text_ref,,0,"AOATT, 1972.pdf||63||11c49ff4-77b9-4c8c-9393-f4b2edb3c144"
948bb1a8-849d-4802-aa93-6423f55fc2fe,Bags were especially used for the packing of textiles:,Bags were especially used for the packing of textiles.,"AOATT, 1972.pdf",68,page_text_ref,0.82,0.82,en,This page is very useful for understanding the use of bags in Old Assyrian trade.,1 me-at 2 TÚG ša qá-tim 4 ANŠE.ḪI.A ṣa-lá-mu ú ú-nu-sú-nu 4 {TÚG}a-bar-ni-ú ù ra-qá-tám,"The text on page 68 of AOATT, 1972.pdf contains a translation of the tablet.",The translation is in English and the confidence is high.,0,"AOATT, 1972.pdf||68||948bb1a8-849d-4802-aa93-6423f55fc2fe"
0600be70-a772-42b5-8a4c-13dfd9f1bce9,"The phrase ina masd'im imti is also found in TC 3/1, 36, 44 and 43, 37 both texts describe what happened to an amount of silver sent to Assur, apparently before it was used to make purchases.","The phrase ina masd'im imti is also found in TC 3/1, 36, 44 and 43, 37 both texts describe what happened to an amount of silver sent to Assur, apparently before it was used to make purchases.","AOATT, 1972.pdf",78,page_text_ref,0.82,0.82,en,"This page is somewhat useful for understanding the context of the tablet, but it does not provide a direct translation of the tablet's content.",ina masd'im imti | mutd'ü | kibsdtum | musakka'ü,"The page text contains a reference to the tablet's content, specifically the phrase ina masd'im imti, which is also found in other texts.","The page text provides some context and background information on the tablet's content, but it does not provide a direct translation of the tablet's text.",0,"AOATT, 1972.pdf||78||0600be70-a772-42b5-8a4c-13dfd9f1bce9"
03e24c18-5246-4026-bb2f-5f58628e0369,"We note that these texts do not deal with normal trading operations,
but rather with personal matters, as indicated by the repeated use of the
pron.suff. with the inf.Gt of labäsum 159).","These texts do not deal with normal trading operations, but rather with personal matters.","AOATT, 1972.pdf",126,page_text_ref,0.82,0.82,en,"This page is somewhat useful for understanding the context of the tablet, but it does not provide a direct translation of the tablet's content.",abarnïum | kutänum | surum | TIJG SIG5,"The page text contains a discussion about the textiles mentioned in the tablet, and provides some context for understanding the tablet's content.","The page text does not provide a direct translation of the tablet's content, but rather provides some context and discussion about the textiles mentioned in the tablet.",0,"AOATT, 1972.pdf||126||03e24c18-5246-4026-bb2f-5f58628e0369"
03e24c18-5246-4026-bb2f-5f58628e0369,"Though we meet in these texts
the textiles called abarnïum, kutänum, surum and TIJG SIG5, which play
an important role in the trade, I am not convinced that one is allowed to
infer from the fact that these textiles here occur together with labäsum,
that they were all garments.","I am not convinced that one is allowed to infer from the fact that these textiles here occur together with labäsum, that they were all garments.","AOATT, 1972.pdf",126,page_text_ref,0.82,0.82,en,"This page is somewhat useful for understanding the context of the tablet, but it does not provide a direct translation of the tablet's content.",abarnïum | kutänum | surum | TIJG SIG5,"The page text contains a discussion about the textiles mentioned in the tablet, and provides some context for understanding the tablet's content.","The page text does not provide a direct translation of the tablet's content, but rather provides some context and discussion about the textiles mentioned in the tablet.",1,"AOATT, 1972.pdf||126||03e24c18-5246-4026-bb2f-5f58628e0369"
effedebb-3c32-4d36-aab5-185b66849c47,"The text shows us a merchant much concerned about the quality, the finishing treatment and the size of a textile produced by a female relative.","The text shows us a merchant much concerned about the quality, the finishing treatment and the size of a textile produced by a female relative.","AOATT, 1972.pdf",139,page_text_ref,0.82,0.82,en,This page is very useful for understanding the context of the tablet.,sißrum gamrum | kin . t i 1.1 a | ma-zu-ri-li | ii-li-ba-§i | i-nu-mi-im,page_text_ref,"The page contains a translation of the tablet, but it is not a direct translation of the Akkadian text. The translation is a summary of the text and provides additional context.",0,"AOATT, 1972.pdf||139||effedebb-3c32-4d36-aab5-185b66849c47"
1764b9d5-dc9a-44fe-8400-14ce54cb5ad3,"The text shows us a merchant much concerned about the quality, the finishing treatment and the size of a textile produced by a female relative.","The text shows us a merchant who is very concerned about the quality, the finishing treatment, and the size of a textile produced by a female relative.","AOATT, 1972.pdf",139,page_text_ref,0.82,0.82,en,"This page is somewhat useful for understanding the context of the tablet, but it does not provide a direct translation of the tablet's content.",sißrum gamrum | kin . t i 1.1 a | ma-zu-ri-li | ii-li-ba-§i | i-nu-mi-im | A -sur-bé-ld-wa-tim,"The page text contains a translation of the tablet's content, but it is not a direct translation. The language detected is English, and the confidence is 0.82.","The page text provides some useful information about the context of the tablet, but it does not provide a direct translation of the tablet's content.",0,"AOATT, 1972.pdf||139||1764b9d5-dc9a-44fe-8400-14ce54cb5ad3"
1764b9d5-dc9a-44fe-8400-14ce54cb5ad3,She was busy making expensive types of textiles like subcztum qatnum and abarnium for which he guarantees the high price of half a mina of silver.,She was busy making expensive types of textiles like subcztum qatnum and abarnium for which he guarantees the high price of half a mina of silver.,"AOATT, 1972.pdf",139,page_text_ref,0.82,0.82,en,"This page is somewhat useful for understanding the context of the tablet, but it does not provide a direct translation of the tablet's content.",sißrum gamrum | kin . t i 1.1 a | ma-zu-ri-li | ii-li-ba-§i | i-nu-mi-im | A -sur-bé-ld-wa-tim,"The page text contains a translation of the tablet's content, but it is not a direct translation. The language detected is English, and the confidence is 0.82.","The page text provides some useful information about the context of the tablet, but it does not provide a direct translation of the tablet's content.",1,"AOATT, 1972.pdf||139||1764b9d5-dc9a-44fe-8400-14ce54cb5ad3"
1764b9d5-dc9a-44fe-8400-14ce54cb5ad3,Unfortunately we do not hear why the Abarnian textile she sent did not meet his requirements ; on the other hand we learn that a kutenum used to be shorn.,Unfortunately we do not hear why the Abarnian textile she sent did not meet his requirements ; on the other hand we learn that a kutenum used to be shorn.,"AOATT, 1972.pdf",139,page_text_ref,0.82,0.82,en,"This page is somewhat useful for understanding the context of the tablet, but it does not provide a direct translation of the tablet's content.",sißrum gamrum | kin . t i 1.1 a | ma-zu-ri-li | ii-li-ba-§i | i-nu-mi-im | A -sur-bé-ld-wa-tim,"The page text contains a translation of the tablet's content, but it is not a direct translation. The language detected is English, and the confidence is 0.82.","The page text provides some useful information about the context of the tablet, but it does not provide a direct translation of the tablet's content.",2,"AOATT, 1972.pdf||139||1764b9d5-dc9a-44fe-8400-14ce54cb5ad3"
1764b9d5-dc9a-44fe-8400-14ce54cb5ad3,"The text shows clearly what kind of expensive luxury products formed part of the merchandise, products which can only have been bought by the Anatolian upper classes.","The text shows clearly what kind of expensive luxury products formed part of the merchandise, products which can only have been bought by the Anatolian upper classes.","AOATT, 1972.pdf",139,page_text_ref,0.82,0.82,en,"This page is somewhat useful for understanding the context of the tablet, but it does not provide a direct translation of the tablet's content.",sißrum gamrum | kin . t i 1.1 a | ma-zu-ri-li | ii-li-ba-§i | i-nu-mi-im | A -sur-bé-ld-wa-tim,"The page text contains a translation of the tablet's content, but it is not a direct translation. The language detected is English, and the confidence is 0.82.","The page text provides some useful information about the context of the tablet, but it does not provide a direct translation of the tablet's content.",3,"AOATT, 1972.pdf||139||1764b9d5-dc9a-44fe-8400-14ce54cb5ad3"
1764b9d5-dc9a-44fe-8400-14ce54cb5ad3,"The lady producing the textiles, Waqartum, most probably is identical to the sender of the letter BIN 4, 96, addressed to Buzäzu.","The lady producing the textiles, Waqartum, most probably is identical to the sender of the letter BIN 4, 96, addressed to Buzäzu.","AOATT, 1972.pdf",139,page_text_ref,0.82,0.82,en,"This page is somewhat useful for understanding the context of the tablet, but it does not provide a direct translation of the tablet's content.",sißrum gamrum | kin . t i 1.1 a | ma-zu-ri-li | ii-li-ba-§i | i-nu-mi-im | A -sur-bé-ld-wa-tim,"The page text contains a translation of the tablet's content, but it is not a direct translation. The language detected is English, and the confidence is 0.82.","The page text provides some useful information about the context of the tablet, but it does not provide a direct translation of the tablet's content.",4,"AOATT, 1972.pdf||139||1764b9d5-dc9a-44fe-8400-14ce54cb5ad3"
1764b9d5-dc9a-44fe-8400-14ce54cb5ad3,"Again she seems personally to derive profits from her textile production ; but the silver is needed for the household, because she complains of living in an empty house (11. 13-14).","Again she seems personally to derive profits from her textile production ; but the silver is needed for the household, because she complains of living in an empty house (11. 13-14).","AOATT, 1972.pdf",139,page_text_ref,0.82,0.82,en,"This page is somewhat useful for understanding the context of the tablet, but it does not provide a direct translation of the tablet's content.",sißrum gamrum | kin . t i 1.1 a | ma-zu-ri-li | ii-li-ba-§i | i-nu-mi-im | A -sur-bé-ld-wa-tim,"The page text contains a translation of the tablet's content, but it is not a direct translation. The language detected is English, and the confidence is 0.82.","The page text provides some useful information about the context of the tablet, but it does not provide a direct translation of the tablet's content.",5,"AOATT, 1972.pdf||139||1764b9d5-dc9a-44fe-8400-14ce54cb5ad3"
528c1898-373b-4bdb-8b13-b69da6ea18f4,"About the fact that I did not send you the textiles about which you wrote, your heart should not be angry.","About the fact that I did not send you the textiles about which you wrote, your heart should not be angry.","AOATT, 1972.pdf",145,page_text_ref,0.82,0.82,en,This page is very useful for understanding the context of the tablet.,"a-§u-mi TuG . HI . A sa to-cis -u-
rani 16 ld û-§g-bi-ld-ku-ni li-ba-kà 17 ld i-ld-mi-in ki-ma sû-ha-ar-t[um]",page_text_ref,"The page contains a translation of the tablet, but it is not a direct translation of the Akkadian text. The translation is a paraphrase of the text and provides additional context.",0,"AOATT, 1972.pdf||145||528c1898-373b-4bdb-8b13-b69da6ea18f4"
d3200bb4-4b75-3aa1-d17a-a43db58ed874,The p. could be used to make clothes.,The p. could be used to make clothes.,"AOATT, 1972.pdf",155,page_text_ref,0.82,0.82,en,This page is very useful for understanding the context of pirikannû.,"20 TÙG ku-ta-ni pi-ri-kà-nim 6 A 6
it B 7 na-as-û-ni-ku-nu-ti",page_text_ref,,0,"AOATT, 1972.pdf||155||d3200bb4-4b75-3aa1-d17a-a43db58ed874"
d3200bb4-4b75-3aa1-d17a-a43db58ed874,"Interesting is the text KTS io, 4f1, which reads : A and B are bringing you 20 kutânû made from pirikannum.","Interesting is the text KTS io, 4f1, which reads : A and B are bringing you 20 kutânû made from pirikannum.","AOATT, 1972.pdf",155,page_text_ref,0.82,0.82,en,This page is very useful for understanding the context of pirikannû.,"20 TÙG ku-ta-ni pi-ri-kà-nim 6 A 6
it B 7 na-as-û-ni-ku-nu-ti",page_text_ref,,1,"AOATT, 1972.pdf||155||d3200bb4-4b75-3aa1-d17a-a43db58ed874"
b145dea2-0b63-487a-9e46-3317b595fb24,"The trade in Oadâtum and isrâtum belonged to the small scale subsidiary business, called sahertum, as shown by B. LANDSBERGER on the basis of an unpublished text 221).","The trade in Oadâtum and isrâtum belonged to the small scale subsidiary business, called sahertum, as shown by B. LANDSBERGER on the basis of an unpublished text 221).","AOATT, 1972.pdf",159,page_text_ref,0.82,0.82,en,"This page is somewhat relevant to the tablet, but the content is more about the trade and business in the region, rather than the specific tablet.",épadâtum | isrâtum | sahertum,"The page text contains a reference to the trade in Oadâtum and isrâtum, which is mentioned in the tablet.","The page text is mostly about the trade and business in the region, but it does contain some relevant information about the tablet.",0,"AOATT, 1972.pdf||159||b145dea2-0b63-487a-9e46-3317b595fb24"
a591943f-6be1-4bd6-9c3b-b2ccb90f809e,"sëbultum accordingly means in concreto something sent to somebody, using the services of a transporter, hence ""consignment"".","sëbultum accordingly means in concreto something sent to somebody, using the services of a transporter, hence ""consignment"".","AOATT, 1972.pdf",171,page_text_ref,0.82,0.82,en,This page is very useful for understanding the meaning of sëbultum in Old Assyrian.,sëbultum | ana sëbultim | sëbultim | sëbultum,page_text_ref,,0,"AOATT, 1972.pdf||171||a591943f-6be1-4bd6-9c3b-b2ccb90f809e"
a591943f-6be1-4bd6-9c3b-b2ccb90f809e,"a man being away on a journey and hence unable to bring something himself to an addressee, entrusts it to somebody else for transport : ana sëbultim usäbilsu, ""he had him bring it as a consignment"".","a man being away on a journey and hence unable to bring something himself to an addressee, entrusts it to somebody else for transport : ana sëbultim usäbilsu, ""he had him bring it as a consignment"".","AOATT, 1972.pdf",171,page_text_ref,0.82,0.82,en,This page is very useful for understanding the meaning of sëbultum in Old Assyrian.,sëbultum | ana sëbultim | sëbultim | sëbultum,page_text_ref,,1,"AOATT, 1972.pdf||171||a591943f-6be1-4bd6-9c3b-b2ccb90f809e"
a591943f-6be1-4bd6-9c3b-b2ccb90f809e,why are you constantly sending my interest-free loans (away) as consignments?,why are you constantly sending my interest-free loans (away) as consignments?,"AOATT, 1972.pdf",171,page_text_ref,0.82,0.82,en,This page is very useful for understanding the meaning of sëbultum in Old Assyrian.,sëbultum | ana sëbultim | sëbultim | sëbultum,page_text_ref,,2,"AOATT, 1972.pdf||171||a591943f-6be1-4bd6-9c3b-b2ccb90f809e"
a591943f-6be1-4bd6-9c3b-b2ccb90f809e,I had sent you (fem.plur.) 5 shekels of silver as consignments,I had sent you (fem.plur.) 5 shekels of silver as consignments,"AOATT, 1972.pdf",171,page_text_ref,0.82,0.82,en,This page is very useful for understanding the meaning of sëbultum in Old Assyrian.,sëbultum | ana sëbultim | sëbultim | sëbultum,page_text_ref,,3,"AOATT, 1972.pdf||171||a591943f-6be1-4bd6-9c3b-b2ccb90f809e"
a591943f-6be1-4bd6-9c3b-b2ccb90f809e,in all four consignments,in all four consignments,"AOATT, 1972.pdf",171,page_text_ref,0.82,0.82,en,This page is very useful for understanding the meaning of sëbultum in Old Assyrian.,sëbultum | ana sëbultim | sëbultim | sëbultum,page_text_ref,,4,"AOATT, 1972.pdf||171||a591943f-6be1-4bd6-9c3b-b2ccb90f809e"
33847598-f8e7-4580-af1e-9056d2e5eae4,Apparently a native textile product from Anatolia.,Apparently a native textile product from Anatolia.,"AOATT, 1972.pdf",201,page_text_ref,0.82,0.82,en,"This page is somewhat useful for understanding the context of the tablet, but it does not provide a direct translation.",pirikanni | e-BI-tu | e-BI-sa-am,page_text_ref,"The page contains information about the textile product menuniânum and ébipisum, but it does not provide a direct translation of the tablet.",0,"AOATT, 1972.pdf||201||33847598-f8e7-4580-af1e-9056d2e5eae4"
33847598-f8e7-4580-af1e-9056d2e5eae4,"In CCT 4, 27a, 'if.","In CCT 4, 27a, 'if.","AOATT, 1972.pdf",201,page_text_ref,0.82,0.82,en,"This page is somewhat useful for understanding the context of the tablet, but it does not provide a direct translation.",pirikanni | e-BI-tu | e-BI-sa-am,page_text_ref,"The page contains information about the textile product menuniânum and ébipisum, but it does not provide a direct translation of the tablet.",1,"AOATT, 1972.pdf||201||33847598-f8e7-4580-af1e-9056d2e5eae4"
33847598-f8e7-4580-af1e-9056d2e5eae4,"BIN 4, 78, 6ff. contains an order from Inbistar to buy : 6 pi-ri-kà-ni ? sa lu-bu-us şiı-
ha-ri 8 lu me-nu-ni-a-nu lu i-bi/pi-§u 9 lu pi!-ri-kà-ni sa a-na 1° lu-bu-§i-im
da-nu-ni-ma 11 pé-lu-tdm ii-bu-lu-ni,","BIN 4, 78, 6ff. contains an order from Inbistar to buy : 6 pi-ri-kà-ni ? sa lu-bu-us şiı-
ha-ri 8 lu me-nu-ni-a-nu lu i-bi/pi-§u 9 lu pi!-ri-kà-ni sa a-na 1° lu-bu-§i-im
da-nu-ni-ma 11 pé-lu-tdm ii-bu-lu-ni,","AOATT, 1972.pdf",201,page_text_ref,0.82,0.82,en,"This page is somewhat useful for understanding the context of the tablet, but it does not provide a direct translation.",pirikanni | e-BI-tu | e-BI-sa-am,page_text_ref,"The page contains information about the textile product menuniânum and ébipisum, but it does not provide a direct translation of the tablet.",2,"AOATT, 1972.pdf||201||33847598-f8e7-4580-af1e-9056d2e5eae4"
33847598-f8e7-4580-af1e-9056d2e5eae4,"KTH 1, 17f. mentions m. beside kusitum-garments from Mamma and woollen fleeces;","KTH 1, 17f. mentions m. beside kusitum-garments from Mamma and woollen fleeces;","AOATT, 1972.pdf",201,page_text_ref,0.82,0.82,en,"This page is somewhat useful for understanding the context of the tablet, but it does not provide a direct translation.",pirikanni | e-BI-tu | e-BI-sa-am,page_text_ref,"The page contains information about the textile product menuniânum and ébipisum, but it does not provide a direct translation of the tablet.",3,"AOATT, 1972.pdf||201||33847598-f8e7-4580-af1e-9056d2e5eae4"
2e8fe490-571b-4183-8d41-e1e2deabfe5b,Apparently a native textile product from Anatolia.,Apparently a native textile product from Anatolia.,"AOATT, 1972.pdf",201,page_text_ref,0.82,0.82,en,"This page is somewhat useful for understanding the context of the tablet, but it does not provide a direct translation.",menuniânum | ébipisum,page_text_ref,"The page text does not contain a direct translation of the tablet, but it provides some context and information about the textile product mentioned in the tablet.",0,"AOATT, 1972.pdf||201||2e8fe490-571b-4183-8d41-e1e2deabfe5b"
5021cdc3-c524-4b9c-bd98-7dcc7ecbf469,The combination with ßirikannum is not surprising since,The combination with ßirikannum is not surprising since,"AOATT, 1972.pdf",202,page_text_ref,0.82,0.82,en,This page is very useful for understanding the context of the tablet.,"ebisu (ebiu, ibis}su, iß f bi(s}sa)",page_text_ref,,0,"AOATT, 1972.pdf||202||5021cdc3-c524-4b9c-bd98-7dcc7ecbf469"
5021cdc3-c524-4b9c-bd98-7dcc7ecbf469,woollen blankets can be used as saddle rugs as well as for the manufac-,woollen blankets can be used as saddle rugs as well as for the manufacture of heavy garments,"AOATT, 1972.pdf",202,page_text_ref,0.82,0.82,en,This page is very useful for understanding the context of the tablet.,"ebisu (ebiu, ibis}su, iß f bi(s}sa)",page_text_ref,,1,"AOATT, 1972.pdf||202||5021cdc3-c524-4b9c-bd98-7dcc7ecbf469"
140e4cb6-0ad8-41d8-b830-f5ab33beea88,Uşur-sa-Assur's caravan must have represented a value in tin (awïtum) of ca. I talent of tin ; he had accordingly paid a datum of ca. 3 minas of tin.,Uşur-sa-Assur's caravan must have represented a value in tin (awïtum) of ca. I talent of tin ; he had accordingly paid a datum of ca. 3 minas of tin.,"AOATT, 1972.pdf",291,page_text_ref,0.82,0.82,en,This page is very useful for understanding the context of the tablet.,"24 §urum-textiles, 2 kutdnum-textiles, one black donkey,","The text on this page is a direct quote from the tablet, and it provides valuable information about the context of the caravan.","The text on this page is a direct quote from the tablet, and it provides valuable information about the context of the caravan.",0,"AOATT, 1972.pdf||291||140e4cb6-0ad8-41d8-b830-f5ab33beea88"
777e7e6a-1072-9988-50a3-272ff35ae3be,"of the 27 minas, the datum which we incurred, A has ""deposited"" 4 2/3 minas of silver as his ""share"".","of the 27 minas, the datum which we incurred, A has ""deposited"" 4 2/3 minas of silver as his ""share"".","AOATT, 1972.pdf",300,page_text_ref,0.82,0.82,en,"This page is very useful for the translation of the tablet, as it contains a direct quote of the relevant text.",i-na 27 ma-na da-tum ša ik-šu-du-ni-a-tí-ni 4.66666 ma-na KÙ.BABBAR PUZUR4-a-šur qá-sú na-dí 22 ma-na a-na-ku da-a-sú áš-qúl,page_text_ref,,0,"AOATT, 1972.pdf||300||777e7e6a-1072-9988-50a3-272ff35ae3be"
777e7e6a-1072-9988-50a3-272ff35ae3be,I myself paid his datum amounting to 22 minas,I myself paid his datum amounting to 22 minas,"AOATT, 1972.pdf",300,page_text_ref,0.82,0.82,en,"This page is very useful for the translation of the tablet, as it contains a direct quote of the relevant text.",i-na 27 ma-na da-tum ša ik-šu-du-ni-a-tí-ni 4.66666 ma-na KÙ.BABBAR PUZUR4-a-šur qá-sú na-dí 22 ma-na a-na-ku da-a-sú áš-qúl,page_text_ref,,1,"AOATT, 1972.pdf||300||777e7e6a-1072-9988-50a3-272ff35ae3be"
8c57af6e-e5f8-4e10-b79f-72ab8475eecf,"The use of this verb suggests a movement, a transport.","The use of this verb suggests a movement, a transport.","AOATT, 1972.pdf",340,page_text_ref,0.82,0.82,en,"This page is somewhat useful for understanding the context of the tablet, but the text is not directly related to the tablet's content.",pazzur(t)um | pazzurum | pazzurtim | pazzurtum,"The stage1 match confidence is 0.82, indicating a high degree of accuracy.","The page text is in English, and the translation extracted is a direct quote from the page text.",0,"AOATT, 1972.pdf||340||8c57af6e-e5f8-4e10-b79f-72ab8475eecf"
b96f7f2a-cf5a-462c-91c4-c6d7b7dbc9d7,I§tar-pilaki asks Pûğu-kén to use his good relations and influence for his benefit.,Istar-pilaki asks Pûğu-kén to use his good relations and influence for his benefit.,"AOATT, 1972.pdf",349,page_text_ref,0.82,0.82,en,This page is very useful for understanding the context of the tablet.,atar pazzurtim subdti ... epsd | atar pazzurim .... eptd | atar pazzurim .. şubdti pazzird,"The text has been misunderstood in two respects. AHw 852b reads kattimd, ""hide, cover up""; but with LANDSBERGER AHK 24 (quoted above p. 306) we have to read gadi + ma, ""together with"".",,0,"AOATT, 1972.pdf||349||b96f7f2a-cf5a-462c-91c4-c6d7b7dbc9d7"
eb1f6643-2f42-4b06-b027-a69079109619,I§tar-pilaki asks Pûğu-kén to use his good relations and influence for his benefit.,Istar-pilaki asks Pûğu-kén to use his good relations and influence for his benefit.,"AOATT, 1972.pdf",349,page_text_ref,0.82,0.82,en,This page is very useful for understanding the context of the tablet.,atar pazzurtim subdti ... epsd | atar pazzurim .... eptd | atar pazzurim .. şubdti pazzird,The text has a high confidence match with the stage1 match source.,"The translation is mostly accurate, but some minor adjustments were made for clarity.",0,"AOATT, 1972.pdf||349||eb1f6643-2f42-4b06-b027-a69079109619"
faafd131-71b9-486b-816d-ffca1a79be4b,I§tar-pilaki asks Pûğu-kén to use his good relations and influence for his benefit.,Istar-pilaki asks Pûğu-kén to use his good relations and influence for his benefit.,"AOATT, 1972.pdf",349,page_text_ref,0.82,0.82,en,This page is very useful for understanding the context of the tablet.,atar pazzurtim subdti ... epsd | atar pazzurim .... eptd | fa epäfim lipid,"The text has been misunderstood in two respects. AHw 852b reads kattimd, ""hide, cover up""; but with LANDSBERGER AHK 24 (quoted above p. 306) we have to read gadi + ma, ""together with"".",,0,"AOATT, 1972.pdf||349||faafd131-71b9-486b-816d-ffca1a79be4b"
a1cec2cc-bab4-4678-a5fe-de235db6bbf1,I§tar-pilaki asks Pûğu-kén to use his good relations and influence for his benefit.,Istar-pilaki asks Pûğu-kén to use his good relations and influence for his benefit.,"AOATT, 1972.pdf",349,page_text_ref,0.82,0.82,en,This page is very useful for understanding the context of the tablet.,atar pazzurtim subdti ... epsd | kima falam kaspia epfa,The text has a high confidence match with the stage1 match source.,"The page text is a translation of the tablet, and it provides useful context for understanding the content of the tablet.",0,"AOATT, 1972.pdf||349||a1cec2cc-bab4-4678-a5fe-de235db6bbf1"
6d3168f3-99ba-46a2-865f-3e60fd30e30a,"One should not draw far-reaching conclusions from the use of this formula, e.g. that silver functioned only as standard of value in relation to items of a lower value, but not to gold.","One should not draw far-reaching conclusions from the use of this formula, e.g. that silver functioned only as standard of value in relation to items of a lower value, but not to gold.","AOATT, 1972.pdf",482,page_text_ref,0.82,0.82,en,"This page is somewhat useful for understanding the context of the tablet, but it does not provide a direct translation of the tablet's content.",I ma-na .TA 12 lı£ û-bu-lu URUDU ta-dci-nam | ı ma-na . TA ù I GfN . TA a-na ITU . KAM-im,page_text_ref,"The page text is in English and provides a general overview of the use of formulas in Old Assyrian texts, but it does not provide a direct translation of the tablet's content.",0,"AOATT, 1972.pdf||482||6d3168f3-99ba-46a2-865f-3e60fd30e30a"
11d2884e-bdda-e507-1bd2-94fdc7ef483c,"The text deals with the purchase of a house ; cf. line 6f. : ""You said : ""buy a house for me"".",The text deals with the purchase of a house.,"AOATT, 1972.pdf",486,page_text_ref,0.82,0.82,en,"This page is somewhat useful for understanding the context of the tablet, but it does not provide a direct translation of the tablet's content.",û-sa-i-il5 sa | û-sa pil-kà | a-na KÙ.BABBAR 19 20 ma-na ù e-li-is 20 a-tù-ul | a-na 6 Io ma-na ù e-li-is 7 i-jıa-ra-nim im-ta-ah-sa-ni | is-tù KÙ.BABBAR I GTJ û e-li-fis 26 sa-ba-at | ti-ib-nam û e-$ 39 sa Kù.BABBAR 1/3 ma-na e-li-is sa-ma-nim | su-ma 6 ma-na KÙ.BABBAR û e-1 i-is 19 lzu-sa-ya-am di-na,"The page text contains a translation of the tablet's content, but it is not a direct translation. The confidence level is 0.82.",,0,"AOATT, 1972.pdf||486||11d2884e-bdda-e507-1bd2-94fdc7ef483c"
11d2884e-bdda-e507-1bd2-94fdc7ef483c,"They asked much silver from us for the house, and we said: ""we will pay it jointly (? a-ha-is', cf. CAD A, 1, 166b, b)"".","They asked much silver from us for the house, and we said: ""we will pay it jointly"".","AOATT, 1972.pdf",486,page_text_ref,0.82,0.82,en,"This page is somewhat useful for understanding the context of the tablet, but it does not provide a direct translation of the tablet's content.",û-sa-i-il5 sa | û-sa pil-kà | a-na KÙ.BABBAR 19 20 ma-na ù e-li-is 20 a-tù-ul | a-na 6 Io ma-na ù e-li-is 7 i-jıa-ra-nim im-ta-ah-sa-ni | is-tù KÙ.BABBAR I GTJ û e-li-fis 26 sa-ba-at | ti-ib-nam û e-$ 39 sa Kù.BABBAR 1/3 ma-na e-li-is sa-ma-nim | su-ma 6 ma-na KÙ.BABBAR û e-1 i-is 19 lzu-sa-ya-am di-na,"The page text contains a translation of the tablet's content, but it is not a direct translation. The confidence level is 0.82.",,1,"AOATT, 1972.pdf||486||11d2884e-bdda-e507-1bd2-94fdc7ef483c"
11d2884e-bdda-e507-1bd2-94fdc7ef483c,"The line quoted can be translated with : ""we bargained a price of I mina less"" 5641","The line quoted can be translated with: ""we bargained a price of I mina less""","AOATT, 1972.pdf",486,page_text_ref,0.82,0.82,en,"This page is somewhat useful for understanding the context of the tablet, but it does not provide a direct translation of the tablet's content.",û-sa-i-il5 sa | û-sa pil-kà | a-na KÙ.BABBAR 19 20 ma-na ù e-li-is 20 a-tù-ul | a-na 6 Io ma-na ù e-li-is 7 i-jıa-ra-nim im-ta-ah-sa-ni | is-tù KÙ.BABBAR I GTJ û e-li-fis 26 sa-ba-at | ti-ib-nam û e-$ 39 sa Kù.BABBAR 1/3 ma-na e-li-is sa-ma-nim | su-ma 6 ma-na KÙ.BABBAR û e-1 i-is 19 lzu-sa-ya-am di-na,"The page text contains a translation of the tablet's content, but it is not a direct translation. The confidence level is 0.82.",,2,"AOATT, 1972.pdf||486||11d2884e-bdda-e507-1bd2-94fdc7ef483c"
5642660d-41de-4635-e221-2601db3000e5,"15 Minen Silber, die Ikûnum dem Amur-Samas schuldig geworden ist, und (worüber) Püsu-ken Bürge ist:","15 mines of silver, which Ikûnum owes to Amur-Samas, and (concerning which) Püsu-ken is guarantor:","APU, 1995.pdf",53,page_text_ref,0.82,0.82,de|en,"This page is partially useful for the tablet, but the relevant text is not in English.",1-ku-num a-na A-mur-dUTU | Pu-su-ke-en6 qâ-ta-tù-ni | Im-di-lim i-*na ta- raki si [sà ti *i]m,page_text_ref,"The relevant text is not in English, but it is partially useful for the tablet.",0,"APU, 1995.pdf||53||5642660d-41de-4635-e221-2601db3000e5"
5642660d-41de-4635-e221-2601db3000e5,die Urkunde mit dem Siegel des Pngu-ken und des Ikûnum ist im Haus des Imdilum unter den Aufzeich[nungen] und den Memora[nden] des Imdilum für die Hand des Puzur-[....] vorhanden.,The document with the seal of Pngu-ken and Ikûnum is present in the house of Imdilum among the records and memoranda of Imdilum for the hand of Puzur-[....].,"APU, 1995.pdf",53,page_text_ref,0.82,0.82,de|en,"This page is partially useful for the tablet, but the relevant text is not in English.",1-ku-num a-na A-mur-dUTU | Pu-su-ke-en6 qâ-ta-tù-ni | Im-di-lim i-*na ta- raki si [sà ti *i]m,page_text_ref,"The relevant text is not in English, but it is partially useful for the tablet.",1,"APU, 1995.pdf||53||5642660d-41de-4635-e221-2601db3000e5"
5642660d-41de-4635-e221-2601db3000e5,"Saklija, Sohn des • 0-Estar, Sohn des Napraka, und Mannum-ki-ABur, Sohn des Sü-Bélum, haben (sie) geprüft, und zum zweiten Mal haben Ili-bäni, Su'en-ré' i und Assur-nEu, die Söhne des Amur-Estar, Sohn des Amur-ili (sie) geprüft, und sie dann 19 unter die Memoranden (und) Aufzeichnungen abseits (?) der 21 geöffneten 20 Aufzeichnungen (und) der Doppelurkunden seines Vaters gelegt.","Saklija, son of • 0-Estar, son of Napraka, and Mannum-ki-ABur, son of Sü-Bélum, have (them) checked, and for the second time have Ili-bäni, Su'en-ré' i and Assur-nEu, the sons of Amur-Estar, son of Amur-ili (them) checked, and they then placed 19 under the memoranda (and) records apart (?) of the 21 opened 20 records (and) the double documents of his father.","APU, 1995.pdf",53,page_text_ref,0.82,0.82,de|en,"This page is partially useful for the tablet, but the relevant text is not in English.",1-ku-num a-na A-mur-dUTU | Pu-su-ke-en6 qâ-ta-tù-ni | Im-di-lim i-*na ta- raki si [sà ti *i]m,page_text_ref,"The relevant text is not in English, but it is partially useful for the tablet.",2,"APU, 1995.pdf||53||5642660d-41de-4635-e221-2601db3000e5"
23fbbdd6-1c00-d409-ff9d-2bd48e05bb56,sie (die Urkunde) beibringen.,they (the document) bring.,"APU, 1995.pdf",55,page_text_ref,0.82,0.82,de|en,"This page is somewhat useful for understanding the context of the tablet, but it does not provide a direct translation of the tablet's content.",be'ûlât PN | be'ûlätum inbezug auf den Pfändung | be'ulätum des Schuldners,page_text_ref,"The page contains a translation of the tablet's content, but it is not a direct translation. The translation is provided in both German and English.",0,"APU, 1995.pdf||55||23fbbdd6-1c00-d409-ff9d-2bd48e05bb56"
23fbbdd6-1c00-d409-ff9d-2bd48e05bb56,be'ûlât PN,the pledge of PN,"APU, 1995.pdf",55,page_text_ref,0.82,0.82,de|en,"This page is somewhat useful for understanding the context of the tablet, but it does not provide a direct translation of the tablet's content.",be'ûlât PN | be'ûlätum inbezug auf den Pfändung | be'ulätum des Schuldners,page_text_ref,"The page contains a translation of the tablet's content, but it is not a direct translation. The translation is provided in both German and English.",1,"APU, 1995.pdf||55||23fbbdd6-1c00-d409-ff9d-2bd48e05bb56"
23fbbdd6-1c00-d409-ff9d-2bd48e05bb56,be'ûlätum inbezug auf den Pfändung,the pledge in relation to the pledge,"APU, 1995.pdf",55,page_text_ref,0.82,0.82,de|en,"This page is somewhat useful for understanding the context of the tablet, but it does not provide a direct translation of the tablet's content.",be'ûlât PN | be'ûlätum inbezug auf den Pfändung | be'ulätum des Schuldners,page_text_ref,"The page contains a translation of the tablet's content, but it is not a direct translation. The translation is provided in both German and English.",2,"APU, 1995.pdf||55||23fbbdd6-1c00-d409-ff9d-2bd48e05bb56"
23fbbdd6-1c00-d409-ff9d-2bd48e05bb56,be'ulätum des Schuldners,the pledge of the debtor,"APU, 1995.pdf",55,page_text_ref,0.82,0.82,de|en,"This page is somewhat useful for understanding the context of the tablet, but it does not provide a direct translation of the tablet's content.",be'ûlât PN | be'ûlätum inbezug auf den Pfändung | be'ulätum des Schuldners,page_text_ref,"The page contains a translation of the tablet's content, but it is not a direct translation. The translation is provided in both German and English.",3,"APU, 1995.pdf||55||23fbbdd6-1c00-d409-ff9d-2bd48e05bb56"
3685b507-43f4-4c7b-bb90-a2dd60cbefe7,"Der Schreiber hat die: Verbindlichkeit
im Namen seines Chefs zurückgezahlt;",The scribe has paid the debt in the name of his chief.,"APU, 1995.pdf",64,page_text_ref,0.82,0.82,de|en,"This page is somewhat useful for the tablet, but the translation is not entirely reliable.",1 3 ma-na KÙ.BABBAR | fa a-na A-mur-A-fur | '/a ma-na KÙ.BABBAR si-ib-tum,page_text_ref,,0,"APU, 1995.pdf||64||3685b507-43f4-4c7b-bb90-a2dd60cbefe7"
3685b507-43f4-4c7b-bb90-a2dd60cbefe7,zur Tilgung mußte er erneut ein Darlehen aufnehmen.,He had to take out a loan again to pay it off.,"APU, 1995.pdf",64,page_text_ref,0.82,0.82,de|en,"This page is somewhat useful for the tablet, but the translation is not entirely reliable.",1 3 ma-na KÙ.BABBAR | fa a-na A-mur-A-fur | '/a ma-na KÙ.BABBAR si-ib-tum,page_text_ref,,1,"APU, 1995.pdf||64||3685b507-43f4-4c7b-bb90-a2dd60cbefe7"
3685b507-43f4-4c7b-bb90-a2dd60cbefe7,1 3 ma-na KÙ.BABBAR,1 3 minas of silver,"APU, 1995.pdf",64,page_text_ref,0.82,0.82,de|en,"This page is somewhat useful for the tablet, but the translation is not entirely reliable.",1 3 ma-na KÙ.BABBAR | fa a-na A-mur-A-fur | '/a ma-na KÙ.BABBAR si-ib-tum,page_text_ref,,2,"APU, 1995.pdf||64||3685b507-43f4-4c7b-bb90-a2dd60cbefe7"
3685b507-43f4-4c7b-bb90-a2dd60cbefe7,fa a-na A-mur-A-fur,to Amur-Aggur,"APU, 1995.pdf",64,page_text_ref,0.82,0.82,de|en,"This page is somewhat useful for the tablet, but the translation is not entirely reliable.",1 3 ma-na KÙ.BABBAR | fa a-na A-mur-A-fur | '/a ma-na KÙ.BABBAR si-ib-tum,page_text_ref,,3,"APU, 1995.pdf||64||3685b507-43f4-4c7b-bb90-a2dd60cbefe7"
3685b507-43f4-4c7b-bb90-a2dd60cbefe7,'/a ma-na KÙ.BABBAR si-ib-tum,1 mina of silver was given,"APU, 1995.pdf",64,page_text_ref,0.82,0.82,de|en,"This page is somewhat useful for the tablet, but the translation is not entirely reliable.",1 3 ma-na KÙ.BABBAR | fa a-na A-mur-A-fur | '/a ma-na KÙ.BABBAR si-ib-tum,page_text_ref,,4,"APU, 1995.pdf||64||3685b507-43f4-4c7b-bb90-a2dd60cbefe7"
54c43a52-f925-4ea6-ad4e-94d4ac474c1b,1 ša-ḫi-re-en a-na <gap> 1 ša-ḫi-re-en a-na <gap> 1 ša-ḫi-re-en a-na a-šur-{d}UTU-ši DUMU lá-qé-pì-im ù 10 GÍN KÙ.BABBAR a-na am-tí-šu ú šé-bu-lá-tim ša É e-mì-šu ša a-šur-{d}UTU-ši,"1 ša-ḫi-re-en to <gap> 1 ša-ḫi-re-en to <gap> 1 ša-ḫi-re-en to Assur-{d}UTU-ši son of Lá-qé-pì-im and 10 shekels of silver to his brother, with the seals of the city of his father, Assur-{d}UTU-ši","APU, 1995.pdf",80,page_text_ref,0.82,0.82,en,"This page is partially useful for the translation of the tablet, but it contains many gaps and unclear text.",a-šur-{d}UTU-ši | DUMU lá-qé-pì-im | šé-bu-lá-tim | É e-mì-šu,"The page contains a translation of the tablet, but it is not complete and contains many gaps.","The translation was extracted from the page text, but it is not entirely reliable due to the unclear text and gaps.",0,"APU, 1995.pdf||80||54c43a52-f925-4ea6-ad4e-94d4ac474c1b"
307d0878-6a8d-4766-9a73-8f71dde76070,hat Assur-täb zu [PN] und Assur-ma[lik gebracht].,has brought Assur-täb to PN and Assur-ma[lik].,"APU, 1995.pdf",80,page_text_ref,0.82,0.82,de|en,This page is partially useful for the translation of the tablet.,zu E-[...] | zu [...] | zu [...]-ha habe ich anvertraut.,"The page contains a translation of the tablet, but it is not entirely reliable due to the presence of gaps and unclear text.","The translation is mostly accurate, but some parts are unclear or missing.",0,"APU, 1995.pdf||80||307d0878-6a8d-4766-9a73-8f71dde76070"
307d0878-6a8d-4766-9a73-8f71dde76070,zu E-[...],to E-[...],"APU, 1995.pdf",80,page_text_ref,0.82,0.82,de|en,This page is partially useful for the translation of the tablet.,zu E-[...] | zu [...] | zu [...]-ha habe ich anvertraut.,"The page contains a translation of the tablet, but it is not entirely reliable due to the presence of gaps and unclear text.","The translation is mostly accurate, but some parts are unclear or missing.",1,"APU, 1995.pdf||80||307d0878-6a8d-4766-9a73-8f71dde76070"
9d7453cc-d067-4b9e-967a-c2d1dd465183,2 Minen Silber hat Kura erhalten.,2 minas of silver has Kura received.,"APU, 1995.pdf",110,page_text_ref,0.82,0.82,de|en,"This page is partially useful for the tablet, but some parts are unclear or damaged.",4 GÍN.TA KÙ.BABBAR a-di ú-ul-ma-a | a-na ša-ṭa-dam áš-qúl | 1 GÍN a-dì ú-ul-ma ik-šu-ud-ni-a-tí,page_text_ref,"The page contains a translation for the tablet, but some parts are unclear or damaged.",0,"APU, 1995.pdf||110||9d7453cc-d067-4b9e-967a-c2d1dd465183"
9d7453cc-d067-4b9e-967a-c2d1dd465183,"5 Minen Silber haben wir, als auch Ili-ellat wegging, ...","5 minas of silver we have, as also Ili-ellat went, ...","APU, 1995.pdf",110,page_text_ref,0.82,0.82,de|en,"This page is partially useful for the tablet, but some parts are unclear or damaged.",4 GÍN.TA KÙ.BABBAR a-di ú-ul-ma-a | a-na ša-ṭa-dam áš-qúl | 1 GÍN a-dì ú-ul-ma ik-šu-ud-ni-a-tí,page_text_ref,"The page contains a translation for the tablet, but some parts are unclear or damaged.",1,"APU, 1995.pdf||110||9d7453cc-d067-4b9e-967a-c2d1dd465183"
5e383523-8fa8-455c-9de1-7070642483d8,"Silber habe ich auf dein Konto in Burushattum hinterlegt, (nämlich):","I have deposited silver on your account in Burushattum, (namely):","APU, 1995.pdf",125,page_text_ref,0.82,0.82,de|en|other,"This page is partially useful for the tablet, but the translation is not entirely clear.",KÙ.BABBAR a-na qk-ti-ka i-na Bu-ru-uf-ha-tim a-di-i,"The page contains a translation of the tablet, but it is not entirely clear. The translation is mostly in German, with some English phrases.","The page contains a mix of German and English text, with some Akkadian phrases. The translation is not entirely clear, but it appears to be a translation of the tablet.",0,"APU, 1995.pdf||125||5e383523-8fa8-455c-9de1-7070642483d8"
5e383523-8fa8-455c-9de1-7070642483d8,1 Talent 7 Minen Silber (mit) Siegeln (versehen);,1 Talent 7 Minas silver (with) seals (provided);,"APU, 1995.pdf",125,page_text_ref,0.82,0.82,de|en|other,"This page is partially useful for the tablet, but the translation is not entirely clear.",KÙ.BABBAR a-na qk-ti-ka i-na Bu-ru-uf-ha-tim a-di-i,"The page contains a translation of the tablet, but it is not entirely clear. The translation is mostly in German, with some English phrases.","The page contains a mix of German and English text, with some Akkadian phrases. The translation is not entirely clear, but it appears to be a translation of the tablet.",1,"APU, 1995.pdf||125||5e383523-8fa8-455c-9de1-7070642483d8"
5e383523-8fa8-455c-9de1-7070642483d8,2/3 Mine von der Ware vom Transport des Uzua zu deinem Silber hinzugekommen.,2/3 Mine of the goods from the transport of Uzua has come to your silver.,"APU, 1995.pdf",125,page_text_ref,0.82,0.82,de|en|other,"This page is partially useful for the tablet, but the translation is not entirely clear.",KÙ.BABBAR a-na qk-ti-ka i-na Bu-ru-uf-ha-tim a-di-i,"The page contains a translation of the tablet, but it is not entirely clear. The translation is mostly in German, with some English phrases.","The page contains a mix of German and English text, with some Akkadian phrases. The translation is not entirely clear, but it appears to be a translation of the tablet.",2,"APU, 1995.pdf||125||5e383523-8fa8-455c-9de1-7070642483d8"
5e383523-8fa8-455c-9de1-7070642483d8,9 Segel Silber für dein Zinn;,9 shekels of silver for your tin;,"APU, 1995.pdf",125,page_text_ref,0.82,0.82,de|en|other,"This page is partially useful for the tablet, but the translation is not entirely clear.",KÙ.BABBAR a-na qk-ti-ka i-na Bu-ru-uf-ha-tim a-di-i,"The page contains a translation of the tablet, but it is not entirely clear. The translation is mostly in German, with some English phrases.","The page contains a mix of German and English text, with some Akkadian phrases. The translation is not entirely clear, but it appears to be a translation of the tablet.",3,"APU, 1995.pdf||125||5e383523-8fa8-455c-9de1-7070642483d8"
5e383523-8fa8-455c-9de1-7070642483d8,je 9 Segel für deine kutanum-Stoffe.,each 9 shekels for your kutanum fabrics.,"APU, 1995.pdf",125,page_text_ref,0.82,0.82,de|en|other,"This page is partially useful for the tablet, but the translation is not entirely clear.",KÙ.BABBAR a-na qk-ti-ka i-na Bu-ru-uf-ha-tim a-di-i,"The page contains a translation of the tablet, but it is not entirely clear. The translation is mostly in German, with some English phrases.","The page contains a mix of German and English text, with some Akkadian phrases. The translation is not entirely clear, but it appears to be a translation of the tablet.",4,"APU, 1995.pdf||125||5e383523-8fa8-455c-9de1-7070642483d8"
5c7e8109-d619-7aa0-1250-b7ebe432bc1f,"Von 7 schwarzen Stoffen, die
im bet karim hinterlegt
sind, hat 5 schwarze Stoffe
Pûsu-kén hinterlegt.","Of the 7 black garments, which are deposited in the bet karim, 5 black garments have been deposited by Pûsu-kén.","APU, 1995.pdf",130,page_text_ref,0.82,0.82,en|de|tr,"This page is partially useful for the tablet, but the translation is not entirely reliable due to the presence of multiple languages and unclear text.",AN.NA 2 TÚG | KÙ.BABBAR a-šur-SIPA | a-na a-šur-be-el-ma-al-ki-im,"The page contains a translation of the tablet, but it is not entirely reliable due to the presence of multiple languages and unclear text.","The translation is based on the stage1 match source: page_text_ref, with a confidence of 0.82.",0,"APU, 1995.pdf||130||5c7e8109-d619-7aa0-1250-b7ebe432bc1f"
5c7e8109-d619-7aa0-1250-b7ebe432bc1f,"2 schwarze Stoffe vom
Silber des Salim-anum",2 black garments from the silver of Salim-anum,"APU, 1995.pdf",130,page_text_ref,0.82,0.82,en|de|tr,"This page is partially useful for the tablet, but the translation is not entirely reliable due to the presence of multiple languages and unclear text.",AN.NA 2 TÚG | KÙ.BABBAR a-šur-SIPA | a-na a-šur-be-el-ma-al-ki-im,"The page contains a translation of the tablet, but it is not entirely reliable due to the presence of multiple languages and unclear text.","The translation is based on the stage1 match source: page_text_ref, with a confidence of 0.82.",1,"APU, 1995.pdf||130||5c7e8109-d619-7aa0-1250-b7ebe432bc1f"
bc166461-a9e9-c3ae-5169-bdbfcad4e4bd,i-na 80 ma-na qá-tí a-bi4-ni ù 80 ma-na URUDU qá-tí a-šùr-na-da,"in 80 minas of wool, the father's share, and 80 minas of copper, the share of Ashurnadai","APU, 1995.pdf",137,page_text_ref,0.82,0.82,de|en,"This page is partially useful for the tablet, but the translation is not entirely reliable due to the presence of multiple languages and the complexity of the text.",i-na 80 ma-na qá-tí a-bi4-ni ù 80 ma-na URUDU qá-tí a-šùr-na-da,The extracted translation segment matches the stage1 match source with a confidence of 0.82.,"The page contains a mix of German and English text, which may affect the reliability of the translation.",0,"APU, 1995.pdf||137||bc166461-a9e9-c3ae-5169-bdbfcad4e4bd"
fcf22c7f-bab4-4296-8d9d-5d834bf761bd,für 3 Stoffe sind meine.,"For 3 goods, I am the owner.","APU, 1995.pdf",143,page_text_ref,0.82,0.82,de|en,"This page is partially useful for the tablet, but the translation is not entirely reliable due to the presence of erased lines and unclear text.",i-na É.GAL-lim ú-ṣú-nim 2 TÚG im-dí-DINGIR a-na <gap> É kà-ri-im il5-qé-ma a-na qá-tí-šu i-dí-i 1 TÚG PUZUR4-a-šur a-na qá-tí-i-šu i-dí-i 1 {TÚG}ku-ta-nam 1 TÚG lá qá-at-pá-am a-na im-dí-lim e-zi-ib na-ru-qám ša du-ul-ba-tim <gap>-a <gap>,"The translation was extracted from the page text, and the confidence level is 0.82.","The page text contains some unclear and erased lines, which may affect the reliability of the translation.",0,"APU, 1995.pdf||143||fcf22c7f-bab4-4296-8d9d-5d834bf761bd"
fcf22c7f-bab4-4296-8d9d-5d834bf761bd,Insgesamt: (mit) 1 Mine 34 1/2 Segel,In total: (with) 1 mine 34 1/2 Segel,"APU, 1995.pdf",143,page_text_ref,0.82,0.82,de|en,"This page is partially useful for the tablet, but the translation is not entirely reliable due to the presence of erased lines and unclear text.",i-na É.GAL-lim ú-ṣú-nim 2 TÚG im-dí-DINGIR a-na <gap> É kà-ri-im il5-qé-ma a-na qá-tí-šu i-dí-i 1 TÚG PUZUR4-a-šur a-na qá-tí-i-šu i-dí-i 1 {TÚG}ku-ta-nam 1 TÚG lá qá-at-pá-am a-na im-dí-lim e-zi-ib na-ru-qám ša du-ul-ba-tim <gap>-a <gap>,"The translation was extracted from the page text, and the confidence level is 0.82.","The page text contains some unclear and erased lines, which may affect the reliability of the translation.",1,"APU, 1995.pdf||143||fcf22c7f-bab4-4296-8d9d-5d834bf761bd"
fcf22c7f-bab4-4296-8d9d-5d834bf761bd,ist mein Name eingetragen.,my name is registered.,"APU, 1995.pdf",143,page_text_ref,0.82,0.82,de|en,"This page is partially useful for the tablet, but the translation is not entirely reliable due to the presence of erased lines and unclear text.",i-na É.GAL-lim ú-ṣú-nim 2 TÚG im-dí-DINGIR a-na <gap> É kà-ri-im il5-qé-ma a-na qá-tí-šu i-dí-i 1 TÚG PUZUR4-a-šur a-na qá-tí-i-šu i-dí-i 1 {TÚG}ku-ta-nam 1 TÚG lá qá-at-pá-am a-na im-dí-lim e-zi-ib na-ru-qám ša du-ul-ba-tim <gap>-a <gap>,"The translation was extracted from the page text, and the confidence level is 0.82.","The page text contains some unclear and erased lines, which may affect the reliability of the translation.",2,"APU, 1995.pdf||143||fcf22c7f-bab4-4296-8d9d-5d834bf761bd"
fcf22c7f-bab4-4296-8d9d-5d834bf761bd,1 Mine und 15 Segel,1 mine and 15 Segel,"APU, 1995.pdf",143,page_text_ref,0.82,0.82,de|en,"This page is partially useful for the tablet, but the translation is not entirely reliable due to the presence of erased lines and unclear text.",i-na É.GAL-lim ú-ṣú-nim 2 TÚG im-dí-DINGIR a-na <gap> É kà-ri-im il5-qé-ma a-na qá-tí-šu i-dí-i 1 TÚG PUZUR4-a-šur a-na qá-tí-i-šu i-dí-i 1 {TÚG}ku-ta-nam 1 TÚG lá qá-at-pá-am a-na im-dí-lim e-zi-ib na-ru-qám ša du-ul-ba-tim <gap>-a <gap>,"The translation was extracted from the page text, and the confidence level is 0.82.","The page text contains some unclear and erased lines, which may affect the reliability of the translation.",3,"APU, 1995.pdf||143||fcf22c7f-bab4-4296-8d9d-5d834bf761bd"
fcf22c7f-bab4-4296-8d9d-5d834bf761bd,für 7 Stoffe: Elau .,for 7 goods: Elau .,"APU, 1995.pdf",143,page_text_ref,0.82,0.82,de|en,"This page is partially useful for the tablet, but the translation is not entirely reliable due to the presence of erased lines and unclear text.",i-na É.GAL-lim ú-ṣú-nim 2 TÚG im-dí-DINGIR a-na <gap> É kà-ri-im il5-qé-ma a-na qá-tí-šu i-dí-i 1 TÚG PUZUR4-a-šur a-na qá-tí-i-šu i-dí-i 1 {TÚG}ku-ta-nam 1 TÚG lá qá-at-pá-am a-na im-dí-lim e-zi-ib na-ru-qám ša du-ul-ba-tim <gap>-a <gap>,"The translation was extracted from the page text, and the confidence level is 0.82.","The page text contains some unclear and erased lines, which may affect the reliability of the translation.",4,"APU, 1995.pdf||143||fcf22c7f-bab4-4296-8d9d-5d834bf761bd"
a70de1a3-f3a8-469f-8508-c9e2f6fcaeb5,13 GIN 15 E KÙ.BABBAR,13 egel 15 Korn Silber,"APU, 1995.pdf",159,page_text_ref,0.82,0.82,de|en,"This page is very useful for understanding the context of the tablet, but the translation is not always accurate.",13 GÍN 15 ŠE KÙ.BABBAR ù UDU KI ší-ib-tim ša i-lá-at kà-ni-ìš | 5 GÍN KI a-šur-be-lí | 1.5 GÍN iš-tí a-ta-a-a | 6.5 GÍN KÙ.BABBAR KI du-ru-ùḫ-nu,page_text_ref,"The translation is mostly accurate, but some sentences are not translated or are translated incorrectly.",0,"APU, 1995.pdf||159||a70de1a3-f3a8-469f-8508-c9e2f6fcaeb5"
a70de1a3-f3a8-469f-8508-c9e2f6fcaeb5,ù UDU KI si-ib-tim,"and one sheep to the account of the Old Ones,","APU, 1995.pdf",159,page_text_ref,0.82,0.82,de|en,"This page is very useful for understanding the context of the tablet, but the translation is not always accurate.",13 GÍN 15 ŠE KÙ.BABBAR ù UDU KI ší-ib-tim ša i-lá-at kà-ni-ìš | 5 GÍN KI a-šur-be-lí | 1.5 GÍN iš-tí a-ta-a-a | 6.5 GÍN KÙ.BABBAR KI du-ru-ùḫ-nu,page_text_ref,"The translation is mostly accurate, but some sentences are not translated or are translated incorrectly.",1,"APU, 1995.pdf||159||a70de1a3-f3a8-469f-8508-c9e2f6fcaeb5"
a70de1a3-f3a8-469f-8508-c9e2f6fcaeb5,5 GIN KI A-sur-be-li,"5 Segel to the account of Assur-béli,","APU, 1995.pdf",159,page_text_ref,0.82,0.82,de|en,"This page is very useful for understanding the context of the tablet, but the translation is not always accurate.",13 GÍN 15 ŠE KÙ.BABBAR ù UDU KI ší-ib-tim ša i-lá-at kà-ni-ìš | 5 GÍN KI a-šur-be-lí | 1.5 GÍN iš-tí a-ta-a-a | 6.5 GÍN KÙ.BABBAR KI du-ru-ùḫ-nu,page_text_ref,"The translation is mostly accurate, but some sentences are not translated or are translated incorrectly.",2,"APU, 1995.pdf||159||a70de1a3-f3a8-469f-8508-c9e2f6fcaeb5"
a70de1a3-f3a8-469f-8508-c9e2f6fcaeb5,1 1/2 GIN is-ti,"1 1/2 Segel to the account of
A-ta-a-a","APU, 1995.pdf",159,page_text_ref,0.82,0.82,de|en,"This page is very useful for understanding the context of the tablet, but the translation is not always accurate.",13 GÍN 15 ŠE KÙ.BABBAR ù UDU KI ší-ib-tim ša i-lá-at kà-ni-ìš | 5 GÍN KI a-šur-be-lí | 1.5 GÍN iš-tí a-ta-a-a | 6.5 GÍN KÙ.BABBAR KI du-ru-ùḫ-nu,page_text_ref,"The translation is mostly accurate, but some sentences are not translated or are translated incorrectly.",3,"APU, 1995.pdf||159||a70de1a3-f3a8-469f-8508-c9e2f6fcaeb5"
a70de1a3-f3a8-469f-8508-c9e2f6fcaeb5,6 '/ GIN KÙ.BABBAR,6 ' Segel Silver,"APU, 1995.pdf",159,page_text_ref,0.82,0.82,de|en,"This page is very useful for understanding the context of the tablet, but the translation is not always accurate.",13 GÍN 15 ŠE KÙ.BABBAR ù UDU KI ší-ib-tim ša i-lá-at kà-ni-ìš | 5 GÍN KI a-šur-be-lí | 1.5 GÍN iš-tí a-ta-a-a | 6.5 GÍN KÙ.BABBAR KI du-ru-ùḫ-nu,page_text_ref,"The translation is mostly accurate, but some sentences are not translated or are translated incorrectly.",4,"APU, 1995.pdf||159||a70de1a3-f3a8-469f-8508-c9e2f6fcaeb5"
b423d8f4-e8ff-b00d-5fd8-256846e076ac,1 ma- rna1 AN.NA,1 ma- rna1 AN.NA,"APU, 1995.pdf",162,page_text_ref,0.82,0.82,en|de,"This page is partially useful for the tablet, but the translation is not entirely reliable.",1 ma- rna1 AN.NA | is-tf A- rmuri -Estar | i-ma-[...] rim- -ti-ma? a | hu-lu-q[6-um] me- ran E....,"The page contains a translation of the tablet, but the translation is not entirely reliable due to the presence of unknown words and phrases.","The translation is mostly in English, but there are some German phrases and sentences.",0,"APU, 1995.pdf||162||b423d8f4-e8ff-b00d-5fd8-256846e076ac"
b423d8f4-e8ff-b00d-5fd8-256846e076ac,is-tf A- rmuri -Estar,is-tf A- rmuri -Estar,"APU, 1995.pdf",162,page_text_ref,0.82,0.82,en|de,"This page is partially useful for the tablet, but the translation is not entirely reliable.",1 ma- rna1 AN.NA | is-tf A- rmuri -Estar | i-ma-[...] rim- -ti-ma? a | hu-lu-q[6-um] me- ran E....,"The page contains a translation of the tablet, but the translation is not entirely reliable due to the presence of unknown words and phrases.","The translation is mostly in English, but there are some German phrases and sentences.",1,"APU, 1995.pdf||162||b423d8f4-e8ff-b00d-5fd8-256846e076ac"
b423d8f4-e8ff-b00d-5fd8-256846e076ac,i-ma-[...] rim- -ti-ma? a,i-ma-[...] rim- -ti-ma? a,"APU, 1995.pdf",162,page_text_ref,0.82,0.82,en|de,"This page is partially useful for the tablet, but the translation is not entirely reliable.",1 ma- rna1 AN.NA | is-tf A- rmuri -Estar | i-ma-[...] rim- -ti-ma? a | hu-lu-q[6-um] me- ran E....,"The page contains a translation of the tablet, but the translation is not entirely reliable due to the presence of unknown words and phrases.","The translation is mostly in English, but there are some German phrases and sentences.",2,"APU, 1995.pdf||162||b423d8f4-e8ff-b00d-5fd8-256846e076ac"
b423d8f4-e8ff-b00d-5fd8-256846e076ac,hu-lu-q[6-um] me- ran E....,hu-lu-q[6-um] me- ran E....,"APU, 1995.pdf",162,page_text_ref,0.82,0.82,en|de,"This page is partially useful for the tablet, but the translation is not entirely reliable.",1 ma- rna1 AN.NA | is-tf A- rmuri -Estar | i-ma-[...] rim- -ti-ma? a | hu-lu-q[6-um] me- ran E....,"The page contains a translation of the tablet, but the translation is not entirely reliable due to the presence of unknown words and phrases.","The translation is mostly in English, but there are some German phrases and sentences.",3,"APU, 1995.pdf||162||b423d8f4-e8ff-b00d-5fd8-256846e076ac"
2fd822da-d512-4e35-887b-38d035bc3a16,10 GIN KÙ si-im AN.NA sa <gap>-im 1 ri-ik-sùm 15 GIN KÙ.BABBAR si-im TÙG sa Ma-nu-ba GUDU4 sa A-Sur,"10 shekels of silver from the house of Anu, son of <gap> 1 share of 15 shekels of silver from the house of Mannu-ba, son of Assur","APU, 1995.pdf",180,page_text_ref,0.82,0.82,en|de,"This page is partially useful for the tablet, but the translation is not entirely reliable.",10 GIN KÙ si-im AN.NA sa <gap>-im | 1 ri-ik-sùm 15 GIN KÙ.BABBAR si-im TÙG sa Ma-nu-ba GUDU4 sa A-Sur | a-Lâ-ma-si û A-ha-ha 1 'h GIN KU,"The page text contains a translation of the tablet, but it is not entirely reliable due to the presence of gaps and unclear text.",The translation is based on the stage1 match source: page_text_ref with a confidence of 0.82.,0,"APU, 1995.pdf||180||2fd822da-d512-4e35-887b-38d035bc3a16"
2fd822da-d512-4e35-887b-38d035bc3a16,a-Lâ-ma-si û A-ha-ha 1 'h GIN KU,from the house of Lamasu and Ahaha 1 5/6 share,"APU, 1995.pdf",180,page_text_ref,0.82,0.82,en|de,"This page is partially useful for the tablet, but the translation is not entirely reliable.",10 GIN KÙ si-im AN.NA sa <gap>-im | 1 ri-ik-sùm 15 GIN KÙ.BABBAR si-im TÙG sa Ma-nu-ba GUDU4 sa A-Sur | a-Lâ-ma-si û A-ha-ha 1 'h GIN KU,"The page text contains a translation of the tablet, but it is not entirely reliable due to the presence of gaps and unclear text.",The translation is based on the stage1 match source: page_text_ref with a confidence of 0.82.,1,"APU, 1995.pdf||180||2fd822da-d512-4e35-887b-38d035bc3a16"
d0880722-5f1d-4745-b15d-93e13cf3488d,"20 Minen [Silber] werde ich
zur Abrech[nung]
stellen.",20 Minen [Silver] will be set for settlement.,"APU, 1995.pdf",180,page_text_ref,0.82,0.82,en,"This page is partially useful for translation, but the text is not entirely relevant to the tablet.",20 ma-na | i-na ni-kà-sí | a-ša-kam | ša-al-ša-tim | a-lá-qé | 1.8333300000000001 ma-na | a-mur-DINGIR | 0.83333 ma-na | {d}EN.LÍL-,"The page text contains a translation of the tablet, but it is not entirely relevant.","The translation is partially useful, but the text is not entirely relevant to the tablet.",0,"APU, 1995.pdf||180||d0880722-5f1d-4745-b15d-93e13cf3488d"
d0880722-5f1d-4745-b15d-93e13cf3488d,"Drittelanteile [....]
werde ich nehmen.",Third shares [....] will be taken.,"APU, 1995.pdf",180,page_text_ref,0.82,0.82,en,"This page is partially useful for translation, but the text is not entirely relevant to the tablet.",20 ma-na | i-na ni-kà-sí | a-ša-kam | ša-al-ša-tim | a-lá-qé | 1.8333300000000001 ma-na | a-mur-DINGIR | 0.83333 ma-na | {d}EN.LÍL-,"The page text contains a translation of the tablet, but it is not entirely relevant.","The translation is partially useful, but the text is not entirely relevant to the tablet.",1,"APU, 1995.pdf||180||d0880722-5f1d-4745-b15d-93e13cf3488d"
d0880722-5f1d-4745-b15d-93e13cf3488d,"1 5/6Mi[nen ....]
Amur-ili [....]
5/6Min[e ....]
Enlil-.... ]",1 5/6 Minen [....] Amur-ili [....] 5/6 Minen [....] Enlil-....,"APU, 1995.pdf",180,page_text_ref,0.82,0.82,en,"This page is partially useful for translation, but the text is not entirely relevant to the tablet.",20 ma-na | i-na ni-kà-sí | a-ša-kam | ša-al-ša-tim | a-lá-qé | 1.8333300000000001 ma-na | a-mur-DINGIR | 0.83333 ma-na | {d}EN.LÍL-,"The page text contains a translation of the tablet, but it is not entirely relevant.","The translation is partially useful, but the text is not entirely relevant to the tablet.",2,"APU, 1995.pdf||180||d0880722-5f1d-4745-b15d-93e13cf3488d"
d0880722-5f1d-4745-b15d-93e13cf3488d,"15 Minen [....]
der Gesellschaft [...]
Aääur-[.... ]
und des Im-[....]
in [. .]
6 2/3Mi[nen ....]
in der Gesellschaft [....]
in [. .]
hinter[legt. ...]",15 Minen [....] in the society [....] Aääur-[.... ] and the Im-[....] in [. .] 6 2/3 Minen [....] in the society [....] in [. .] left [....],"APU, 1995.pdf",180,page_text_ref,0.82,0.82,en,"This page is partially useful for translation, but the text is not entirely relevant to the tablet.",20 ma-na | i-na ni-kà-sí | a-ša-kam | ša-al-ša-tim | a-lá-qé | 1.8333300000000001 ma-na | a-mur-DINGIR | 0.83333 ma-na | {d}EN.LÍL-,"The page text contains a translation of the tablet, but it is not entirely relevant.","The translation is partially useful, but the text is not entirely relevant to the tablet.",3,"APU, 1995.pdf||180||d0880722-5f1d-4745-b15d-93e13cf3488d"
12a51e01-2ec6-4cce-9c71-b5a44f2758b3,"10 Segel Silber, der Kaufpreis für Zinn, gehörig dem ...","10 silver shekels, the purchase price of tin, belonging to ...","APU, 1995.pdf",181,page_text_ref,0.82,0.82,de|en,"This page is partially useful for translation, but some parts are unclear or in a different language.",10' 2 ne-pi-Sa-an | 1 ri-ik-sùm | a-ha-ma ni-is-ha-sfi | 1 né-pl-Sum | 15 ma-na KÙ.BABBAR,page_text_ref,"The translation is mostly in German, but some parts are in English. The text is partially unclear or in a different language.",0,"APU, 1995.pdf||181||12a51e01-2ec6-4cce-9c71-b5a44f2758b3"
883ffab6-09de-47c1-9de6-8aee0fda8fa5,"Aufzeichnung über die Eigentumsverhältnisse am einer Sendung von Gewinnanteilen in riksum
(""Bund"")-Einheiten von Gold und Silber nach As""sur.","Record of the ownership of a shipment of profit shares in riksum
(""Bund"") units of gold and silver to Asur.","APU, 1995.pdf",185,page_text_ref,0.82,0.82,de|en,"This page is partially useful for the translation of the tablet, but it seems to be a commentary or introduction to the tablet, rather than a direct translation.",Puzur4-A-sur ku-nu-ki-ni | sa-du-a-sú sa-bu | ni is-ba sû DIRI sa-du-a-sú | sa-bu ni is ha-sû DIRI | Bu-bu-ra-nim | ni is-ba sû DIRI sa-du-a-sú | sa-bu ni is ha-sû DIRI,page_text_ref,"The page contains a translation of the tablet, but it is not a direct translation. It seems to be a commentary or introduction to the tablet.",0,"APU, 1995.pdf||185||883ffab6-09de-47c1-9de6-8aee0fda8fa5"
883ffab6-09de-47c1-9de6-8aee0fda8fa5,"Unter den Empfängern sind auch die
bekannten Frauen Simat-ASSur und Taräm-Kilbi.","Among the recipients are also the
known women Simat-Assur and Taram-Kilbi.","APU, 1995.pdf",185,page_text_ref,0.82,0.82,de|en,"This page is partially useful for the translation of the tablet, but it seems to be a commentary or introduction to the tablet, rather than a direct translation.",Puzur4-A-sur ku-nu-ki-ni | sa-du-a-sú sa-bu | ni is-ba sû DIRI sa-du-a-sú | sa-bu ni is ha-sû DIRI | Bu-bu-ra-nim | ni is-ba sû DIRI sa-du-a-sú | sa-bu ni is ha-sû DIRI,page_text_ref,"The page contains a translation of the tablet, but it is not a direct translation. It seems to be a commentary or introduction to the tablet.",1,"APU, 1995.pdf||185||883ffab6-09de-47c1-9de6-8aee0fda8fa5"
883ffab6-09de-47c1-9de6-8aee0fda8fa5,Puzur4-A-sur ku-nu-ki-ni,Puzur4-A-sur ku-nu-ki-ni,"APU, 1995.pdf",185,page_text_ref,0.82,0.82,de|en,"This page is partially useful for the translation of the tablet, but it seems to be a commentary or introduction to the tablet, rather than a direct translation.",Puzur4-A-sur ku-nu-ki-ni | sa-du-a-sú sa-bu | ni is-ba sû DIRI sa-du-a-sú | sa-bu ni is ha-sû DIRI | Bu-bu-ra-nim | ni is-ba sû DIRI sa-du-a-sú | sa-bu ni is ha-sû DIRI,page_text_ref,"The page contains a translation of the tablet, but it is not a direct translation. It seems to be a commentary or introduction to the tablet.",2,"APU, 1995.pdf||185||883ffab6-09de-47c1-9de6-8aee0fda8fa5"
883ffab6-09de-47c1-9de6-8aee0fda8fa5,sa-du-a-sú sa-bu,sa-du-a-sú sa-bu,"APU, 1995.pdf",185,page_text_ref,0.82,0.82,de|en,"This page is partially useful for the translation of the tablet, but it seems to be a commentary or introduction to the tablet, rather than a direct translation.",Puzur4-A-sur ku-nu-ki-ni | sa-du-a-sú sa-bu | ni is-ba sû DIRI sa-du-a-sú | sa-bu ni is ha-sû DIRI | Bu-bu-ra-nim | ni is-ba sû DIRI sa-du-a-sú | sa-bu ni is ha-sû DIRI,page_text_ref,"The page contains a translation of the tablet, but it is not a direct translation. It seems to be a commentary or introduction to the tablet.",3,"APU, 1995.pdf||185||883ffab6-09de-47c1-9de6-8aee0fda8fa5"
883ffab6-09de-47c1-9de6-8aee0fda8fa5,ni is-ba sû DIRI sa-du-a-sú,ni is-ba sû DIRI sa-du-a-sú,"APU, 1995.pdf",185,page_text_ref,0.82,0.82,de|en,"This page is partially useful for the translation of the tablet, but it seems to be a commentary or introduction to the tablet, rather than a direct translation.",Puzur4-A-sur ku-nu-ki-ni | sa-du-a-sú sa-bu | ni is-ba sû DIRI sa-du-a-sú | sa-bu ni is ha-sû DIRI | Bu-bu-ra-nim | ni is-ba sû DIRI sa-du-a-sú | sa-bu ni is ha-sû DIRI,page_text_ref,"The page contains a translation of the tablet, but it is not a direct translation. It seems to be a commentary or introduction to the tablet.",4,"APU, 1995.pdf||185||883ffab6-09de-47c1-9de6-8aee0fda8fa5"
883ffab6-09de-47c1-9de6-8aee0fda8fa5,sa-bu ni is ha-sû DIRI,sa-bu ni is ha-sû DIRI,"APU, 1995.pdf",185,page_text_ref,0.82,0.82,de|en,"This page is partially useful for the translation of the tablet, but it seems to be a commentary or introduction to the tablet, rather than a direct translation.",Puzur4-A-sur ku-nu-ki-ni | sa-du-a-sú sa-bu | ni is-ba sû DIRI sa-du-a-sú | sa-bu ni is ha-sû DIRI | Bu-bu-ra-nim | ni is-ba sû DIRI sa-du-a-sú | sa-bu ni is ha-sû DIRI,page_text_ref,"The page contains a translation of the tablet, but it is not a direct translation. It seems to be a commentary or introduction to the tablet.",5,"APU, 1995.pdf||185||883ffab6-09de-47c1-9de6-8aee0fda8fa5"
883ffab6-09de-47c1-9de6-8aee0fda8fa5,Bu-bu-ra-nim,Bu-bu-ra-nim,"APU, 1995.pdf",185,page_text_ref,0.82,0.82,de|en,"This page is partially useful for the translation of the tablet, but it seems to be a commentary or introduction to the tablet, rather than a direct translation.",Puzur4-A-sur ku-nu-ki-ni | sa-du-a-sú sa-bu | ni is-ba sû DIRI sa-du-a-sú | sa-bu ni is ha-sû DIRI | Bu-bu-ra-nim | ni is-ba sû DIRI sa-du-a-sú | sa-bu ni is ha-sû DIRI,page_text_ref,"The page contains a translation of the tablet, but it is not a direct translation. It seems to be a commentary or introduction to the tablet.",6,"APU, 1995.pdf||185||883ffab6-09de-47c1-9de6-8aee0fda8fa5"
67258a77-1e59-455f-bec3-3909a8d21866,"22 Minen Silber bei Dädäja, Sohn des Iddinäja.","22 mines of silver at Dädäja, son of Iddinäja.","APU, 1995.pdf",190,page_text_ref,0.82,0.82,de|en,"This page is partially useful for translation purposes, but some parts are unclear or in a different language.",22 ma-na KÙ.BABBAR iš-tí da-da-a DUMU id-na-a,"The page contains a translation of the tablet, but some parts are unclear or in a different language.","The translation is partially reliable, but some parts may be incorrect or unclear.",0,"APU, 1995.pdf||190||67258a77-1e59-455f-bec3-3909a8d21866"
67258a77-1e59-455f-bec3-3909a8d21866,"15 Minen Silber bei Kulumäja, Sohn des Assur-imitti.","15 mines of silver at Kulumäja, son of Assur-imitti.","APU, 1995.pdf",190,page_text_ref,0.82,0.82,de|en,"This page is partially useful for translation purposes, but some parts are unclear or in a different language.",22 ma-na KÙ.BABBAR iš-tí da-da-a DUMU id-na-a,"The page contains a translation of the tablet, but some parts are unclear or in a different language.","The translation is partially reliable, but some parts may be incorrect or unclear.",1,"APU, 1995.pdf||190||67258a77-1e59-455f-bec3-3909a8d21866"
67258a77-1e59-455f-bec3-3909a8d21866,"2 Minen Silber, der Kaufpreis für die Sklavinnen und den Sklaven.","2 mines of silver, the price for the slave women and the slaves.","APU, 1995.pdf",190,page_text_ref,0.82,0.82,de|en,"This page is partially useful for translation purposes, but some parts are unclear or in a different language.",22 ma-na KÙ.BABBAR iš-tí da-da-a DUMU id-na-a,"The page contains a translation of the tablet, but some parts are unclear or in a different language.","The translation is partially reliable, but some parts may be incorrect or unclear.",2,"APU, 1995.pdf||190||67258a77-1e59-455f-bec3-3909a8d21866"
67258a77-1e59-455f-bec3-3909a8d21866,1 Mine Silber habe ich für ihren Anteil hinterlassen.,1 mine of silver I have left for their share.,"APU, 1995.pdf",190,page_text_ref,0.82,0.82,de|en,"This page is partially useful for translation purposes, but some parts are unclear or in a different language.",22 ma-na KÙ.BABBAR iš-tí da-da-a DUMU id-na-a,"The page contains a translation of the tablet, but some parts are unclear or in a different language.","The translation is partially reliable, but some parts may be incorrect or unclear.",3,"APU, 1995.pdf||190||67258a77-1e59-455f-bec3-3909a8d21866"
67258a77-1e59-455f-bec3-3909a8d21866,"4 Talente 17 Minen Kupfer,","4 talents 17 mines of copper,","APU, 1995.pdf",190,page_text_ref,0.82,0.82,de|en,"This page is partially useful for translation purposes, but some parts are unclear or in a different language.",22 ma-na KÙ.BABBAR iš-tí da-da-a DUMU id-na-a,"The page contains a translation of the tablet, but some parts are unclear or in a different language.","The translation is partially reliable, but some parts may be incorrect or unclear.",4,"APU, 1995.pdf||190||67258a77-1e59-455f-bec3-3909a8d21866"
67258a77-1e59-455f-bec3-3909a8d21866,"1 Mine 10 Segel Gold,","1 mine 10 shekels of gold,","APU, 1995.pdf",190,page_text_ref,0.82,0.82,de|en,"This page is partially useful for translation purposes, but some parts are unclear or in a different language.",22 ma-na KÙ.BABBAR iš-tí da-da-a DUMU id-na-a,"The page contains a translation of the tablet, but some parts are unclear or in a different language.","The translation is partially reliable, but some parts may be incorrect or unclear.",5,"APU, 1995.pdf||190||67258a77-1e59-455f-bec3-3909a8d21866"
67258a77-1e59-455f-bec3-3909a8d21866,"rotes, 1 Mine 17 Segel Silber für einen Bronzebecher,","red, 1 mine 17 shekels of silver for a bronze cup,","APU, 1995.pdf",190,page_text_ref,0.82,0.82,de|en,"This page is partially useful for translation purposes, but some parts are unclear or in a different language.",22 ma-na KÙ.BABBAR iš-tí da-da-a DUMU id-na-a,"The page contains a translation of the tablet, but some parts are unclear or in a different language.","The translation is partially reliable, but some parts may be incorrect or unclear.",6,"APU, 1995.pdf||190||67258a77-1e59-455f-bec3-3909a8d21866"
67258a77-1e59-455f-bec3-3909a8d21866,"1 '/3Minen Silber, gehörig dem Obersten des Hauses?","1 '/3 mines of silver, belonging to the head of the house?","APU, 1995.pdf",190,page_text_ref,0.82,0.82,de|en,"This page is partially useful for translation purposes, but some parts are unclear or in a different language.",22 ma-na KÙ.BABBAR iš-tí da-da-a DUMU id-na-a,"The page contains a translation of the tablet, but some parts are unclear or in a different language.","The translation is partially reliable, but some parts may be incorrect or unclear.",7,"APU, 1995.pdf||190||67258a77-1e59-455f-bec3-3909a8d21866"
a25c6905-8292-4201-b563-477abdf9837d,2 né pi-[fa-an x ma-na],2 né pifan x mina,"APU, 1995.pdf",192,page_text_ref,0.82,0.82,en|de,"This page is partially useful for the tablet, but some parts are not relevant.",KÙ.BABBAR | ni [is ha sû DIRI] | ku-nu-ke-a,The page text contains a matching translation segment with a confidence of 0.82.,"The translation segment is partially relevant to the tablet, but some parts are not clear.",0,"APU, 1995.pdf||192||a25c6905-8292-4201-b563-477abdf9837d"
a25c6905-8292-4201-b563-477abdf9837d,KÙ.BABBAR ni [is ha sû DIRI],Silver ni is ha sû DIRI,"APU, 1995.pdf",192,page_text_ref,0.82,0.82,en|de,"This page is partially useful for the tablet, but some parts are not relevant.",KÙ.BABBAR | ni [is ha sû DIRI] | ku-nu-ke-a,The page text contains a matching translation segment with a confidence of 0.82.,"The translation segment is partially relevant to the tablet, but some parts are not clear.",1,"APU, 1995.pdf||192||a25c6905-8292-4201-b563-477abdf9837d"
a25c6905-8292-4201-b563-477abdf9837d,ku-nu-ke-a,kunukea,"APU, 1995.pdf",192,page_text_ref,0.82,0.82,en|de,"This page is partially useful for the tablet, but some parts are not relevant.",KÙ.BABBAR | ni [is ha sû DIRI] | ku-nu-ke-a,The page text contains a matching translation segment with a confidence of 0.82.,"The translation segment is partially relevant to the tablet, but some parts are not clear.",2,"APU, 1995.pdf||192||a25c6905-8292-4201-b563-477abdf9837d"
8a671994-76bd-4c75-b269-564dd9a2a873,"2. Z. 8-12: Der Schreiber hat im Haus des Alähum 2 Segel Silber bezahlt, die für den
Tempelschatz des Bélum bestimmt sind.","2. Z. 8-12: The scribe has paid 2 shekels of silver in the house of Alähum, which are destined for the temple treasury of Bélum.","APU, 1995.pdf",197,page_text_ref,0.82,0.82,de|en,"This page is very useful for understanding the tablet's content, but it's not a direct translation.",2 GÙ 2 ma-na AN.NA | 2 GÙ 9 ma-na AN.NA | 11 ma-na 10 GIN AN.NA,The page text matches the transliteration with a confidence of 0.82.,"The page text is in German, but it's a translation of the Akkadian text.",0,"APU, 1995.pdf||197||8a671994-76bd-4c75-b269-564dd9a2a873"
e7e26a46-0e7d-22cd-2fbb-2373f3e07e7f,"Davon habe ich 7 kutânum-Stoffe und 4 schwarze Stoffe, seinen Anteil, hinterlegt; der Rest seiner Stoffe, 11 kutânum-Stoffe und 3 schwarze, (befindet sich) bei mir.","I have 7 kutânum-stuffs and 4 black stuffs, his share, deposited; the rest of his stuffs, 11 kutânum-stuffs and 3 black, (are) with me.","APU, 1995.pdf",208,page_text_ref,0.82,0.82,de|en,"This page is partially useful for the translation of the tablet, but it contains some unclear or damaged text.",i-li-bi | i-li-bi4 | ina libbi | illibbi,"The page text contains a translation of the tablet, but it is not entirely clear or reliable.","The page text contains some unclear or damaged text, and the translation is not entirely reliable.",0,"APU, 1995.pdf||208||e7e26a46-0e7d-22cd-2fbb-2373f3e07e7f"
f5a2829e-bf98-5b76-e770-a1d8a2043792,34 TÚG.ḪI.A of ŠE.EP IŠ-ME-SU-EN of A-NA A-ŠUR-MALIK UBLU 6 GÚ 4 MA.NA URUDU IT-BU-LU ŠÍ-IM ANŠE.ḪI.A ZU-UR-ZI Ú-KÀ-PÌ MA-AT-LI-IḪ-ŠÍ WA-ṢÍ-SÚ-NU MÌ-MÁ ŠU-UM-ŠU Ú-LÁ ṬÁ-ḪI 10 {TÚG}LU-BU-ŠÍ IŠ-ME-SÚ-EN A-NA <GAP> Ú-BI-IL,34 TÚG.ḪI.A of ŠE.EP IŠ-ME-SU-EN of A-NA A-ŠUR-MALIK UBLU 6 GÚ 4 MA.NA URUDU IT-BU-LU ŠÍ-IM ANŠE.ḪI.A ZU-UR-ZI Ú-KÀ-PÌ MA-AT-LI-IḪ-ŠÍ WA-ṢÍ-SÚ-NU MÌ-MÁ ŠU-UM-ŠU Ú-LÁ ṬÁ-ḪI 10 {TÚG}LU-BU-ŠÍ IŠ-ME-SÚ-EN A-NA <GAP> Ú-BI-IL,"APU, 1995.pdf",213,page_text_ref,0.82,0.82,en|de|tr,"This page is somewhat useful for the tablet, but the translation is not entirely clear.",34 TÚG.ḪI.A | ša šé-ep iš-me-sú-en | a-na a-šùr-ma-lik | ub-lu 6 GÚ 4 ma-na URUDU | it-bu-lu ší-im ANŠE.ḪI.A | zu-ur-zi | ú-kà-pì ma-at-li-iḫ-ší | wa-ṣí-sú-nu | mì-ma šu-um-šu | ú-lá ṭá-ḫi 10 {TÚG}lu-bu-ší,page_text_ref,"The translation is not entirely clear, but it appears to be a record of a transaction involving textiles and copper.",0,"APU, 1995.pdf||213||f5a2829e-bf98-5b76-e770-a1d8a2043792"
2e652f14-e7f5-cc0e-732a-d9fe3ae3ae17,"5.5 shekels of silver, I gave to Iškur-bani; 5 shekels to Ašur-GAL; 4 shekels to Šalim-Assur; all this, I gave to them.",5.5 GÍN KÙ.BABBAR wa-ar-<gap>-in a-na {d}IŠKUR-ba-ni 5 GÍN a-na a-šùr-GAL 4 GÍN a-na ša-lim-a-šùr,"APU, 1995.pdf",215,page_text_ref,0.82,0.82,de|en,"This page is partially useful for translation, but some parts are unclear or missing.",5.5 GÍN KÙ.BABBAR | 5 GÍN a-na a-šùr-GAL | 4 GÍN a-na ša-lim-a-šùr | 2 GÍN KÙ.BABBAR i-nu-mì ma-ri i-zi-a | 2 GÍN a-na il5-ba-ni | 0.33333 ma-na 0.66666 GÍN ù 7,"stage1 match source: page_text_ref, stage1 match confidence: 0.82",Some parts of the translation are unclear or missing due to gaps in the text.,0,"APU, 1995.pdf||215||2e652f14-e7f5-cc0e-732a-d9fe3ae3ae17"
2e652f14-e7f5-cc0e-732a-d9fe3ae3ae17,"2 shekels of silver, I gave to Mari-zi-a; 2 shekels to Ili-bani; 0.33333 mana 0.66666 shekels and 7, I gave to Amur-Samas; 1 mu, I gave to wa-áš-ba-at",2 GÍN KÙ.BABBAR i-nu-mì ma-ri i-zi-a 2 GÍN a-na il5-ba-ni <gap> 0.33333 ma-na 0.66666 GÍN ù 7 <gap> IGI a-mur-{d}UTU al-<gap> 1 mu-<gap> wa-áš-ba-at,"APU, 1995.pdf",215,page_text_ref,0.82,0.82,de|en,"This page is partially useful for translation, but some parts are unclear or missing.",5.5 GÍN KÙ.BABBAR | 5 GÍN a-na a-šùr-GAL | 4 GÍN a-na ša-lim-a-šùr | 2 GÍN KÙ.BABBAR i-nu-mì ma-ri i-zi-a | 2 GÍN a-na il5-ba-ni | 0.33333 ma-na 0.66666 GÍN ù 7,"stage1 match source: page_text_ref, stage1 match confidence: 0.82",Some parts of the translation are unclear or missing due to gaps in the text.,1,"APU, 1995.pdf||215||2e652f14-e7f5-cc0e-732a-d9fe3ae3ae17"
